26/07/03 08:13:06 INFO SparkContext: Running Spark version 3.5.6
26/07/03 08:13:06 INFO SparkContext: OS info Linux, 6.12.76-linuxkit, aarch64
26/07/03 08:13:06 INFO SparkContext: Java version 11.0.27
26/07/03 08:13:06 WARN NativeCodeLoader: Unable to load native-hadoop library for your platform... using builtin-java classes where applicable
26/07/03 08:13:06 INFO ResourceUtils: ==============================================================
26/07/03 08:13:06 INFO ResourceUtils: No custom resources configured for spark.driver.
26/07/03 08:13:06 INFO ResourceUtils: ==============================================================
26/07/03 08:13:06 INFO SparkContext: Submitted application: Kafka Offset Gap Checker
26/07/03 08:13:06 INFO ResourceProfile: Default ResourceProfile created, executor resources: Map(cores -> name: cores, amount: 1, script: , vendor: , memory -> name: memory, amount: 1024, script: , vendor: , offHeap -> name: offHeap, amount: 0, script: , vendor: ), task resources: Map(cpus -> name: cpus, amount: 1.0)
26/07/03 08:13:06 INFO ResourceProfile: Limiting resource is cpu
26/07/03 08:13:06 INFO ResourceProfileManager: Added ResourceProfile id: 0
26/07/03 08:13:06 INFO SecurityManager: Changing view acls to: spark
26/07/03 08:13:06 INFO SecurityManager: Changing modify acls to: spark
26/07/03 08:13:06 INFO SecurityManager: Changing view acls groups to: 
26/07/03 08:13:06 INFO SecurityManager: Changing modify acls groups to: 
26/07/03 08:13:06 INFO SecurityManager: SecurityManager: authentication disabled; ui acls disabled; users with view permissions: spark; groups with view permissions: EMPTY; users with modify permissions: spark; groups with modify permissions: EMPTY
26/07/03 08:13:06 INFO Utils: Successfully started service 'sparkDriver' on port 42797.
26/07/03 08:13:06 INFO SparkEnv: Registering MapOutputTracker
26/07/03 08:13:06 INFO SparkEnv: Registering BlockManagerMaster
26/07/03 08:13:06 INFO BlockManagerMasterEndpoint: Using org.apache.spark.storage.DefaultTopologyMapper for getting topology information
26/07/03 08:13:06 INFO BlockManagerMasterEndpoint: BlockManagerMasterEndpoint up
26/07/03 08:13:06 INFO SparkEnv: Registering BlockManagerMasterHeartbeat
26/07/03 08:13:06 INFO DiskBlockManager: Created local directory at /tmp/blockmgr-8924e549-1615-4a32-85fe-acfbb225114e
26/07/03 08:13:06 INFO MemoryStore: MemoryStore started with capacity 434.4 MiB
26/07/03 08:13:06 INFO SparkEnv: Registering OutputCommitCoordinator
26/07/03 08:13:06 INFO JettyUtils: Start Jetty 0.0.0.0:4040 for SparkUI
26/07/03 08:13:06 INFO Utils: Successfully started service 'SparkUI' on port 4040.
26/07/03 08:13:06 INFO SparkContext: Added JAR file:/workspace/build/libs/recon-kafka-offset-gap-checker-1.0.0.jar at spark://064b77ed9c92:42797/jars/recon-kafka-offset-gap-checker-1.0.0.jar with timestamp 1783066386401
26/07/03 08:13:06 INFO Executor: Starting executor ID driver on host 064b77ed9c92
26/07/03 08:13:06 INFO Executor: OS info Linux, 6.12.76-linuxkit, aarch64
26/07/03 08:13:06 INFO Executor: Java version 11.0.27
26/07/03 08:13:06 INFO Executor: Starting executor with user classpath (userClassPathFirst = false): ''
26/07/03 08:13:06 INFO Executor: Created or updated repl class loader org.apache.spark.util.MutableURLClassLoader@29b40b3 for default.
26/07/03 08:13:06 INFO Executor: Fetching spark://064b77ed9c92:42797/jars/recon-kafka-offset-gap-checker-1.0.0.jar with timestamp 1783066386401
26/07/03 08:13:06 INFO TransportClientFactory: Successfully created connection to 064b77ed9c92/172.17.0.2:42797 after 10 ms (0 ms spent in bootstraps)
26/07/03 08:13:06 INFO Utils: Fetching spark://064b77ed9c92:42797/jars/recon-kafka-offset-gap-checker-1.0.0.jar to /tmp/spark-7e172fd0-5f70-4623-8a8c-d7e759a3e56c/userFiles-1217eaeb-af9b-4c60-bb5d-49ce14411dec/fetchFileTemp14582054810251838708.tmp
26/07/03 08:13:06 INFO Executor: Adding file:/tmp/spark-7e172fd0-5f70-4623-8a8c-d7e759a3e56c/userFiles-1217eaeb-af9b-4c60-bb5d-49ce14411dec/recon-kafka-offset-gap-checker-1.0.0.jar to class loader default
26/07/03 08:13:06 INFO Utils: Successfully started service 'org.apache.spark.network.netty.NettyBlockTransferService' on port 40841.
26/07/03 08:13:06 INFO NettyBlockTransferService: Server created on 064b77ed9c92:40841
26/07/03 08:13:06 INFO BlockManager: Using org.apache.spark.storage.RandomBlockReplicationPolicy for block replication policy
26/07/03 08:13:06 INFO BlockManagerMaster: Registering BlockManager BlockManagerId(driver, 064b77ed9c92, 40841, None)
26/07/03 08:13:06 INFO BlockManagerMasterEndpoint: Registering block manager 064b77ed9c92:40841 with 434.4 MiB RAM, BlockManagerId(driver, 064b77ed9c92, 40841, None)
26/07/03 08:13:06 INFO BlockManagerMaster: Registered BlockManager BlockManagerId(driver, 064b77ed9c92, 40841, None)
26/07/03 08:13:06 INFO BlockManager: Initialized BlockManager: BlockManagerId(driver, 064b77ed9c92, 40841, None)
26/07/03 08:13:06 INFO SharedState: Setting hive.metastore.warehouse.dir ('null') to the value of spark.sql.warehouse.dir.
26/07/03 08:13:06 INFO SharedState: Warehouse path is 'file:/workspace/spark-warehouse'.
26/07/03 08:13:07 INFO InMemoryFileIndex: It took 15 ms to list leaf files for 1 paths.
26/07/03 08:13:07 INFO SparkContext: Starting job: parquet at MetadataNormalizer.java:40
26/07/03 08:13:07 INFO DAGScheduler: Got job 0 (parquet at MetadataNormalizer.java:40) with 1 output partitions
26/07/03 08:13:07 INFO DAGScheduler: Final stage: ResultStage 0 (parquet at MetadataNormalizer.java:40)
26/07/03 08:13:07 INFO DAGScheduler: Parents of final stage: List()
26/07/03 08:13:07 INFO DAGScheduler: Missing parents: List()
26/07/03 08:13:07 INFO DAGScheduler: Submitting ResultStage 0 (MapPartitionsRDD[1] at parquet at MetadataNormalizer.java:40), which has no missing parents
26/07/03 08:13:07 INFO MemoryStore: Block broadcast_0 stored as values in memory (estimated size 103.7 KiB, free 434.3 MiB)
26/07/03 08:13:07 INFO MemoryStore: Block broadcast_0_piece0 stored as bytes in memory (estimated size 37.4 KiB, free 434.3 MiB)
26/07/03 08:13:07 INFO BlockManagerInfo: Added broadcast_0_piece0 in memory on 064b77ed9c92:40841 (size: 37.4 KiB, free: 434.4 MiB)
26/07/03 08:13:07 INFO SparkContext: Created broadcast 0 from broadcast at DAGScheduler.scala:1611
26/07/03 08:13:07 INFO DAGScheduler: Submitting 1 missing tasks from ResultStage 0 (MapPartitionsRDD[1] at parquet at MetadataNormalizer.java:40) (first 15 tasks are for partitions Vector(0))
26/07/03 08:13:07 INFO TaskSchedulerImpl: Adding task set 0.0 with 1 tasks resource profile 0
26/07/03 08:13:07 INFO TaskSetManager: Starting task 0.0 in stage 0.0 (TID 0) (064b77ed9c92, executor driver, partition 0, PROCESS_LOCAL, 9404 bytes) 
26/07/03 08:13:07 INFO Executor: Running task 0.0 in stage 0.0 (TID 0)
26/07/03 08:13:07 INFO Executor: Finished task 0.0 in stage 0.0 (TID 0). 1712 bytes result sent to driver
26/07/03 08:13:07 INFO TaskSetManager: Finished task 0.0 in stage 0.0 (TID 0) in 152 ms on 064b77ed9c92 (executor driver) (1/1)
26/07/03 08:13:07 INFO TaskSchedulerImpl: Removed TaskSet 0.0, whose tasks have all completed, from pool 
26/07/03 08:13:07 INFO DAGScheduler: ResultStage 0 (parquet at MetadataNormalizer.java:40) finished in 0.205 s
26/07/03 08:13:07 INFO DAGScheduler: Job 0 is finished. Cancelling potential speculative or zombie tasks for this job
26/07/03 08:13:07 INFO TaskSchedulerImpl: Killing all running tasks in stage 0: Stage finished
26/07/03 08:13:07 INFO DAGScheduler: Job 0 finished: parquet at MetadataNormalizer.java:40, took 0.217505 s
26/07/03 08:13:07 INFO BlockManagerInfo: Removed broadcast_0_piece0 on 064b77ed9c92:40841 in memory (size: 37.4 KiB, free: 434.4 MiB)
26/07/03 08:13:07 INFO FileSourceStrategy: Pushed Filters: 
26/07/03 08:13:07 INFO FileSourceStrategy: Post-Scan Filters: 
26/07/03 08:13:08 INFO CodeGenerator: Code generated in 70.065625 ms
26/07/03 08:13:08 INFO MemoryStore: Block broadcast_1 stored as values in memory (estimated size 201.3 KiB, free 434.2 MiB)
26/07/03 08:13:08 INFO MemoryStore: Block broadcast_1_piece0 stored as bytes in memory (estimated size 35.0 KiB, free 434.2 MiB)
26/07/03 08:13:08 INFO BlockManagerInfo: Added broadcast_1_piece0 in memory on 064b77ed9c92:40841 (size: 35.0 KiB, free: 434.4 MiB)
26/07/03 08:13:08 INFO SparkContext: Created broadcast 1 from count at MetadataNormalizer.java:48
26/07/03 08:13:08 INFO FileSourceScanExec: Planning scan with bin packing, max size: 4194304 bytes, open cost is considered as scanning 4194304 bytes.
26/07/03 08:13:08 INFO DAGScheduler: Registering RDD 5 (count at MetadataNormalizer.java:48) as input to shuffle 0
26/07/03 08:13:08 INFO DAGScheduler: Got map stage job 1 (count at MetadataNormalizer.java:48) with 1 output partitions
26/07/03 08:13:08 INFO DAGScheduler: Final stage: ShuffleMapStage 1 (count at MetadataNormalizer.java:48)
26/07/03 08:13:08 INFO DAGScheduler: Parents of final stage: List()
26/07/03 08:13:08 INFO DAGScheduler: Missing parents: List()
26/07/03 08:13:08 INFO DAGScheduler: Submitting ShuffleMapStage 1 (MapPartitionsRDD[5] at count at MetadataNormalizer.java:48), which has no missing parents
26/07/03 08:13:08 INFO MemoryStore: Block broadcast_2 stored as values in memory (estimated size 17.0 KiB, free 434.2 MiB)
26/07/03 08:13:08 INFO MemoryStore: Block broadcast_2_piece0 stored as bytes in memory (estimated size 7.8 KiB, free 434.1 MiB)
26/07/03 08:13:08 INFO BlockManagerInfo: Added broadcast_2_piece0 in memory on 064b77ed9c92:40841 (size: 7.8 KiB, free: 434.4 MiB)
26/07/03 08:13:08 INFO SparkContext: Created broadcast 2 from broadcast at DAGScheduler.scala:1611
26/07/03 08:13:08 INFO DAGScheduler: Submitting 1 missing tasks from ShuffleMapStage 1 (MapPartitionsRDD[5] at count at MetadataNormalizer.java:48) (first 15 tasks are for partitions Vector(0))
26/07/03 08:13:08 INFO TaskSchedulerImpl: Adding task set 1.0 with 1 tasks resource profile 0
26/07/03 08:13:08 INFO TaskSetManager: Starting task 0.0 in stage 1.0 (TID 1) (064b77ed9c92, executor driver, partition 0, PROCESS_LOCAL, 9900 bytes) 
26/07/03 08:13:08 INFO Executor: Running task 0.0 in stage 1.0 (TID 1)
26/07/03 08:13:08 INFO CodeGenerator: Code generated in 6.9055 ms
26/07/03 08:13:08 INFO FileScanRDD: Reading File path: file:///recon-local/java-fixtures/gap_over_limit/root_a/timestampcolumn=2026-07-01/part-00000-92eb02e7-1b43-4a01-b996-b6e416d8e11e-c000.snappy.parquet, range: 0-900, partition values: [empty row]
26/07/03 08:13:08 INFO Executor: Finished task 0.0 in stage 1.0 (TID 1). 2136 bytes result sent to driver
26/07/03 08:13:08 INFO TaskSetManager: Finished task 0.0 in stage 1.0 (TID 1) in 64 ms on 064b77ed9c92 (executor driver) (1/1)
26/07/03 08:13:08 INFO TaskSchedulerImpl: Removed TaskSet 1.0, whose tasks have all completed, from pool 
26/07/03 08:13:08 INFO DAGScheduler: ShuffleMapStage 1 (count at MetadataNormalizer.java:48) finished in 0.081 s
26/07/03 08:13:08 INFO DAGScheduler: looking for newly runnable stages
26/07/03 08:13:08 INFO DAGScheduler: running: Set()
26/07/03 08:13:08 INFO DAGScheduler: waiting: Set()
26/07/03 08:13:08 INFO DAGScheduler: failed: Set()
26/07/03 08:13:08 INFO CodeGenerator: Code generated in 4.9825 ms
26/07/03 08:13:08 INFO SparkContext: Starting job: count at MetadataNormalizer.java:48
26/07/03 08:13:08 INFO DAGScheduler: Got job 2 (count at MetadataNormalizer.java:48) with 1 output partitions
26/07/03 08:13:08 INFO DAGScheduler: Final stage: ResultStage 3 (count at MetadataNormalizer.java:48)
26/07/03 08:13:08 INFO DAGScheduler: Parents of final stage: List(ShuffleMapStage 2)
26/07/03 08:13:08 INFO DAGScheduler: Missing parents: List()
26/07/03 08:13:08 INFO DAGScheduler: Submitting ResultStage 3 (MapPartitionsRDD[8] at count at MetadataNormalizer.java:48), which has no missing parents
26/07/03 08:13:08 INFO MemoryStore: Block broadcast_3 stored as values in memory (estimated size 12.5 KiB, free 434.1 MiB)
26/07/03 08:13:08 INFO MemoryStore: Block broadcast_3_piece0 stored as bytes in memory (estimated size 5.9 KiB, free 434.1 MiB)
26/07/03 08:13:08 INFO BlockManagerInfo: Added broadcast_3_piece0 in memory on 064b77ed9c92:40841 (size: 5.9 KiB, free: 434.4 MiB)
26/07/03 08:13:08 INFO SparkContext: Created broadcast 3 from broadcast at DAGScheduler.scala:1611
26/07/03 08:13:08 INFO DAGScheduler: Submitting 1 missing tasks from ResultStage 3 (MapPartitionsRDD[8] at count at MetadataNormalizer.java:48) (first 15 tasks are for partitions Vector(0))
26/07/03 08:13:08 INFO TaskSchedulerImpl: Adding task set 3.0 with 1 tasks resource profile 0
26/07/03 08:13:08 INFO TaskSetManager: Starting task 0.0 in stage 3.0 (TID 2) (064b77ed9c92, executor driver, partition 0, NODE_LOCAL, 9198 bytes) 
26/07/03 08:13:08 INFO Executor: Running task 0.0 in stage 3.0 (TID 2)
26/07/03 08:13:08 INFO ShuffleBlockFetcherIterator: Getting 1 (60.0 B) non-empty blocks including 1 (60.0 B) local and 0 (0.0 B) host-local and 0 (0.0 B) push-merged-local and 0 (0.0 B) remote blocks
26/07/03 08:13:08 INFO ShuffleBlockFetcherIterator: Started 0 remote fetches in 3 ms
26/07/03 08:13:08 INFO CodeGenerator: Code generated in 4.426208 ms
26/07/03 08:13:08 INFO Executor: Finished task 0.0 in stage 3.0 (TID 2). 3995 bytes result sent to driver
26/07/03 08:13:08 INFO TaskSetManager: Finished task 0.0 in stage 3.0 (TID 2) in 29 ms on 064b77ed9c92 (executor driver) (1/1)
26/07/03 08:13:08 INFO TaskSchedulerImpl: Removed TaskSet 3.0, whose tasks have all completed, from pool 
26/07/03 08:13:08 INFO DAGScheduler: ResultStage 3 (count at MetadataNormalizer.java:48) finished in 0.033 s
26/07/03 08:13:08 INFO DAGScheduler: Job 2 is finished. Cancelling potential speculative or zombie tasks for this job
26/07/03 08:13:08 INFO TaskSchedulerImpl: Killing all running tasks in stage 3: Stage finished
26/07/03 08:13:08 INFO DAGScheduler: Job 2 finished: count at MetadataNormalizer.java:48, took 0.037271 s
26/07/03 08:13:08 INFO BlockManagerInfo: Removed broadcast_2_piece0 on 064b77ed9c92:40841 in memory (size: 7.8 KiB, free: 434.4 MiB)
26/07/03 08:13:08 INFO BlockManagerInfo: Removed broadcast_3_piece0 on 064b77ed9c92:40841 in memory (size: 5.9 KiB, free: 434.4 MiB)
26/07/03 08:13:08 INFO FileSourceStrategy: Pushed Filters: 
26/07/03 08:13:08 INFO FileSourceStrategy: Post-Scan Filters: 
26/07/03 08:13:08 INFO CodeGenerator: Code generated in 21.779292 ms
26/07/03 08:13:08 INFO CodeGenerator: Code generated in 5.231792 ms
26/07/03 08:13:08 INFO MemoryStore: Block broadcast_4 stored as values in memory (estimated size 201.4 KiB, free 434.0 MiB)
26/07/03 08:13:08 INFO MemoryStore: Block broadcast_4_piece0 stored as bytes in memory (estimated size 35.1 KiB, free 433.9 MiB)
26/07/03 08:13:08 INFO BlockManagerInfo: Added broadcast_4_piece0 in memory on 064b77ed9c92:40841 (size: 35.1 KiB, free: 434.3 MiB)
26/07/03 08:13:08 INFO SparkContext: Created broadcast 4 from show at MetadataNormalizer.java:116
26/07/03 08:13:08 INFO FileSourceScanExec: Planning scan with bin packing, max size: 4194304 bytes, open cost is considered as scanning 4194304 bytes.
26/07/03 08:13:08 INFO DAGScheduler: Registering RDD 14 (show at MetadataNormalizer.java:116) as input to shuffle 1
26/07/03 08:13:08 INFO DAGScheduler: Got map stage job 3 (show at MetadataNormalizer.java:116) with 1 output partitions
26/07/03 08:13:08 INFO DAGScheduler: Final stage: ShuffleMapStage 4 (show at MetadataNormalizer.java:116)
26/07/03 08:13:08 INFO DAGScheduler: Parents of final stage: List()
26/07/03 08:13:08 INFO DAGScheduler: Missing parents: List()
26/07/03 08:13:08 INFO DAGScheduler: Submitting ShuffleMapStage 4 (MapPartitionsRDD[14] at show at MetadataNormalizer.java:116), which has no missing parents
26/07/03 08:13:08 INFO MemoryStore: Block broadcast_5 stored as values in memory (estimated size 51.6 KiB, free 433.9 MiB)
26/07/03 08:13:08 INFO MemoryStore: Block broadcast_5_piece0 stored as bytes in memory (estimated size 18.9 KiB, free 433.9 MiB)
26/07/03 08:13:08 INFO BlockManagerInfo: Added broadcast_5_piece0 in memory on 064b77ed9c92:40841 (size: 18.9 KiB, free: 434.3 MiB)
26/07/03 08:13:08 INFO SparkContext: Created broadcast 5 from broadcast at DAGScheduler.scala:1611
26/07/03 08:13:08 INFO DAGScheduler: Submitting 1 missing tasks from ShuffleMapStage 4 (MapPartitionsRDD[14] at show at MetadataNormalizer.java:116) (first 15 tasks are for partitions Vector(0))
26/07/03 08:13:08 INFO TaskSchedulerImpl: Adding task set 4.0 with 1 tasks resource profile 0
26/07/03 08:13:08 INFO TaskSetManager: Starting task 0.0 in stage 4.0 (TID 3) (064b77ed9c92, executor driver, partition 0, PROCESS_LOCAL, 9900 bytes) 
26/07/03 08:13:08 INFO Executor: Running task 0.0 in stage 4.0 (TID 3)
26/07/03 08:13:08 INFO CodeGenerator: Code generated in 3.552375 ms
26/07/03 08:13:08 INFO CodeGenerator: Code generated in 4.389334 ms
26/07/03 08:13:08 INFO CodeGenerator: Code generated in 15.553375 ms
26/07/03 08:13:08 INFO FileScanRDD: Reading File path: file:///recon-local/java-fixtures/gap_over_limit/root_a/timestampcolumn=2026-07-01/part-00000-92eb02e7-1b43-4a01-b996-b6e416d8e11e-c000.snappy.parquet, range: 0-900, partition values: [empty row]
26/07/03 08:13:08 INFO CodecPool: Got brand-new decompressor [.snappy]
26/07/03 08:13:08 INFO Executor: Finished task 0.0 in stage 4.0 (TID 3). 2192 bytes result sent to driver
26/07/03 08:13:08 INFO TaskSetManager: Finished task 0.0 in stage 4.0 (TID 3) in 106 ms on 064b77ed9c92 (executor driver) (1/1)
26/07/03 08:13:08 INFO TaskSchedulerImpl: Removed TaskSet 4.0, whose tasks have all completed, from pool 
26/07/03 08:13:08 INFO DAGScheduler: ShuffleMapStage 4 (show at MetadataNormalizer.java:116) finished in 0.118 s
26/07/03 08:13:08 INFO DAGScheduler: looking for newly runnable stages
26/07/03 08:13:08 INFO DAGScheduler: running: Set()
26/07/03 08:13:08 INFO DAGScheduler: waiting: Set()
26/07/03 08:13:08 INFO DAGScheduler: failed: Set()
26/07/03 08:13:08 INFO BlockManagerInfo: Removed broadcast_5_piece0 on 064b77ed9c92:40841 in memory (size: 18.9 KiB, free: 434.3 MiB)
26/07/03 08:13:08 INFO BlockManagerInfo: Removed broadcast_1_piece0 on 064b77ed9c92:40841 in memory (size: 35.0 KiB, free: 434.4 MiB)
26/07/03 08:13:08 INFO CodeGenerator: Code generated in 9.818458 ms
26/07/03 08:13:08 INFO SparkContext: Starting job: show at MetadataNormalizer.java:116
26/07/03 08:13:08 INFO DAGScheduler: Got job 4 (show at MetadataNormalizer.java:116) with 1 output partitions
26/07/03 08:13:08 INFO DAGScheduler: Final stage: ResultStage 6 (show at MetadataNormalizer.java:116)
26/07/03 08:13:08 INFO DAGScheduler: Parents of final stage: List(ShuffleMapStage 5)
26/07/03 08:13:08 INFO DAGScheduler: Missing parents: List()
26/07/03 08:13:08 INFO DAGScheduler: Submitting ResultStage 6 (MapPartitionsRDD[17] at show at MetadataNormalizer.java:116), which has no missing parents
26/07/03 08:13:08 INFO MemoryStore: Block broadcast_6 stored as values in memory (estimated size 27.1 KiB, free 434.1 MiB)
26/07/03 08:13:08 INFO MemoryStore: Block broadcast_6_piece0 stored as bytes in memory (estimated size 9.3 KiB, free 434.1 MiB)
26/07/03 08:13:08 INFO BlockManagerInfo: Added broadcast_6_piece0 in memory on 064b77ed9c92:40841 (size: 9.3 KiB, free: 434.4 MiB)
26/07/03 08:13:08 INFO SparkContext: Created broadcast 6 from broadcast at DAGScheduler.scala:1611
26/07/03 08:13:08 INFO DAGScheduler: Submitting 1 missing tasks from ResultStage 6 (MapPartitionsRDD[17] at show at MetadataNormalizer.java:116) (first 15 tasks are for partitions Vector(0))
26/07/03 08:13:08 INFO TaskSchedulerImpl: Adding task set 6.0 with 1 tasks resource profile 0
26/07/03 08:13:08 INFO TaskSetManager: Starting task 0.0 in stage 6.0 (TID 4) (064b77ed9c92, executor driver, partition 0, NODE_LOCAL, 9198 bytes) 
26/07/03 08:13:08 INFO Executor: Running task 0.0 in stage 6.0 (TID 4)
26/07/03 08:13:08 INFO ShuffleBlockFetcherIterator: Getting 1 (72.0 B) non-empty blocks including 1 (72.0 B) local and 0 (0.0 B) host-local and 0 (0.0 B) push-merged-local and 0 (0.0 B) remote blocks
26/07/03 08:13:08 INFO ShuffleBlockFetcherIterator: Started 0 remote fetches in 0 ms
26/07/03 08:13:08 INFO CodeGenerator: Code generated in 7.284625 ms
26/07/03 08:13:08 INFO Executor: Finished task 0.0 in stage 6.0 (TID 4). 4040 bytes result sent to driver
26/07/03 08:13:08 INFO TaskSetManager: Finished task 0.0 in stage 6.0 (TID 4) in 12 ms on 064b77ed9c92 (executor driver) (1/1)
26/07/03 08:13:08 INFO TaskSchedulerImpl: Removed TaskSet 6.0, whose tasks have all completed, from pool 
26/07/03 08:13:08 INFO DAGScheduler: ResultStage 6 (show at MetadataNormalizer.java:116) finished in 0.016 s
26/07/03 08:13:08 INFO DAGScheduler: Job 4 is finished. Cancelling potential speculative or zombie tasks for this job
26/07/03 08:13:08 INFO TaskSchedulerImpl: Killing all running tasks in stage 6: Stage finished
26/07/03 08:13:08 INFO DAGScheduler: Job 4 finished: show at MetadataNormalizer.java:116, took 0.018203 s
26/07/03 08:13:08 INFO CodeGenerator: Code generated in 4.036084 ms
26/07/03 08:13:08 INFO FileSourceStrategy: Pushed Filters: 
26/07/03 08:13:08 INFO FileSourceStrategy: Post-Scan Filters: 
26/07/03 08:13:08 INFO BlockManagerInfo: Removed broadcast_6_piece0 on 064b77ed9c92:40841 in memory (size: 9.3 KiB, free: 434.4 MiB)
26/07/03 08:13:08 INFO BlockManagerInfo: Removed broadcast_4_piece0 on 064b77ed9c92:40841 in memory (size: 35.1 KiB, free: 434.4 MiB)
26/07/03 08:13:08 INFO MemoryStore: Block broadcast_7 stored as values in memory (estimated size 201.4 KiB, free 434.2 MiB)
26/07/03 08:13:08 INFO MemoryStore: Block broadcast_7_piece0 stored as bytes in memory (estimated size 35.1 KiB, free 434.2 MiB)
26/07/03 08:13:08 INFO BlockManagerInfo: Added broadcast_7_piece0 in memory on 064b77ed9c92:40841 (size: 35.1 KiB, free: 434.4 MiB)
26/07/03 08:13:08 INFO SparkContext: Created broadcast 7 from collectAsList at MetadataNormalizer.java:119
26/07/03 08:13:08 INFO FileSourceScanExec: Planning scan with bin packing, max size: 4194304 bytes, open cost is considered as scanning 4194304 bytes.
26/07/03 08:13:08 INFO DAGScheduler: Registering RDD 23 (collectAsList at MetadataNormalizer.java:119) as input to shuffle 2
26/07/03 08:13:08 INFO DAGScheduler: Got map stage job 5 (collectAsList at MetadataNormalizer.java:119) with 1 output partitions
26/07/03 08:13:08 INFO DAGScheduler: Final stage: ShuffleMapStage 7 (collectAsList at MetadataNormalizer.java:119)
26/07/03 08:13:08 INFO DAGScheduler: Parents of final stage: List()
26/07/03 08:13:08 INFO DAGScheduler: Missing parents: List()
26/07/03 08:13:08 INFO DAGScheduler: Submitting ShuffleMapStage 7 (MapPartitionsRDD[23] at collectAsList at MetadataNormalizer.java:119), which has no missing parents
26/07/03 08:13:08 INFO MemoryStore: Block broadcast_8 stored as values in memory (estimated size 51.6 KiB, free 434.1 MiB)
26/07/03 08:13:08 INFO MemoryStore: Block broadcast_8_piece0 stored as bytes in memory (estimated size 18.9 KiB, free 434.1 MiB)
26/07/03 08:13:09 INFO BlockManagerInfo: Added broadcast_8_piece0 in memory on 064b77ed9c92:40841 (size: 18.9 KiB, free: 434.3 MiB)
26/07/03 08:13:09 INFO SparkContext: Created broadcast 8 from broadcast at DAGScheduler.scala:1611
26/07/03 08:13:09 INFO DAGScheduler: Submitting 1 missing tasks from ShuffleMapStage 7 (MapPartitionsRDD[23] at collectAsList at MetadataNormalizer.java:119) (first 15 tasks are for partitions Vector(0))
26/07/03 08:13:09 INFO TaskSchedulerImpl: Adding task set 7.0 with 1 tasks resource profile 0
26/07/03 08:13:09 INFO TaskSetManager: Starting task 0.0 in stage 7.0 (TID 5) (064b77ed9c92, executor driver, partition 0, PROCESS_LOCAL, 9900 bytes) 
26/07/03 08:13:09 INFO Executor: Running task 0.0 in stage 7.0 (TID 5)
26/07/03 08:13:09 INFO FileScanRDD: Reading File path: file:///recon-local/java-fixtures/gap_over_limit/root_a/timestampcolumn=2026-07-01/part-00000-92eb02e7-1b43-4a01-b996-b6e416d8e11e-c000.snappy.parquet, range: 0-900, partition values: [empty row]
26/07/03 08:13:09 INFO Executor: Finished task 0.0 in stage 7.0 (TID 5). 2192 bytes result sent to driver
26/07/03 08:13:09 INFO TaskSetManager: Finished task 0.0 in stage 7.0 (TID 5) in 11 ms on 064b77ed9c92 (executor driver) (1/1)
26/07/03 08:13:09 INFO TaskSchedulerImpl: Removed TaskSet 7.0, whose tasks have all completed, from pool 
26/07/03 08:13:09 INFO DAGScheduler: ShuffleMapStage 7 (collectAsList at MetadataNormalizer.java:119) finished in 0.017 s
26/07/03 08:13:09 INFO DAGScheduler: looking for newly runnable stages
26/07/03 08:13:09 INFO DAGScheduler: running: Set()
26/07/03 08:13:09 INFO DAGScheduler: waiting: Set()
26/07/03 08:13:09 INFO DAGScheduler: failed: Set()
26/07/03 08:13:09 INFO CodeGenerator: Code generated in 7.834416 ms
26/07/03 08:13:09 INFO SparkContext: Starting job: collectAsList at MetadataNormalizer.java:119
26/07/03 08:13:09 INFO DAGScheduler: Got job 6 (collectAsList at MetadataNormalizer.java:119) with 1 output partitions
26/07/03 08:13:09 INFO DAGScheduler: Final stage: ResultStage 9 (collectAsList at MetadataNormalizer.java:119)
26/07/03 08:13:09 INFO DAGScheduler: Parents of final stage: List(ShuffleMapStage 8)
26/07/03 08:13:09 INFO DAGScheduler: Missing parents: List()
26/07/03 08:13:09 INFO DAGScheduler: Submitting ResultStage 9 (MapPartitionsRDD[26] at collectAsList at MetadataNormalizer.java:119), which has no missing parents
26/07/03 08:13:09 INFO MemoryStore: Block broadcast_9 stored as values in memory (estimated size 26.1 KiB, free 434.1 MiB)
26/07/03 08:13:09 INFO MemoryStore: Block broadcast_9_piece0 stored as bytes in memory (estimated size 9.1 KiB, free 434.1 MiB)
26/07/03 08:13:09 INFO BlockManagerInfo: Added broadcast_9_piece0 in memory on 064b77ed9c92:40841 (size: 9.1 KiB, free: 434.3 MiB)
26/07/03 08:13:09 INFO SparkContext: Created broadcast 9 from broadcast at DAGScheduler.scala:1611
26/07/03 08:13:09 INFO DAGScheduler: Submitting 1 missing tasks from ResultStage 9 (MapPartitionsRDD[26] at collectAsList at MetadataNormalizer.java:119) (first 15 tasks are for partitions Vector(0))
26/07/03 08:13:09 INFO TaskSchedulerImpl: Adding task set 9.0 with 1 tasks resource profile 0
26/07/03 08:13:09 INFO TaskSetManager: Starting task 0.0 in stage 9.0 (TID 6) (064b77ed9c92, executor driver, partition 0, NODE_LOCAL, 9198 bytes) 
26/07/03 08:13:09 INFO Executor: Running task 0.0 in stage 9.0 (TID 6)
26/07/03 08:13:09 INFO ShuffleBlockFetcherIterator: Getting 1 (72.0 B) non-empty blocks including 1 (72.0 B) local and 0 (0.0 B) host-local and 0 (0.0 B) push-merged-local and 0 (0.0 B) remote blocks
26/07/03 08:13:09 INFO ShuffleBlockFetcherIterator: Started 0 remote fetches in 0 ms
26/07/03 08:13:09 INFO CodeGenerator: Code generated in 6.229834 ms
26/07/03 08:13:09 INFO Executor: Finished task 0.0 in stage 9.0 (TID 6). 3999 bytes result sent to driver
26/07/03 08:13:09 INFO TaskSetManager: Finished task 0.0 in stage 9.0 (TID 6) in 11 ms on 064b77ed9c92 (executor driver) (1/1)
26/07/03 08:13:09 INFO TaskSchedulerImpl: Removed TaskSet 9.0, whose tasks have all completed, from pool 
26/07/03 08:13:09 INFO DAGScheduler: ResultStage 9 (collectAsList at MetadataNormalizer.java:119) finished in 0.015 s
26/07/03 08:13:09 INFO DAGScheduler: Job 6 is finished. Cancelling potential speculative or zombie tasks for this job
26/07/03 08:13:09 INFO TaskSchedulerImpl: Killing all running tasks in stage 9: Stage finished
26/07/03 08:13:09 INFO DAGScheduler: Job 6 finished: collectAsList at MetadataNormalizer.java:119, took 0.016994 s
26/07/03 08:13:09 INFO CodeGenerator: Code generated in 3.454375 ms
26/07/03 08:13:09 INFO FileSourceStrategy: Pushed Filters: IsNotNull(cactus__metadata)
26/07/03 08:13:09 INFO FileSourceStrategy: Post-Scan Filters: isnotnull(cactus__metadata#0),isnotnull(from_json(StructField(partition,StringType,true), StructField(offset,StringType,true), StructField(_recon_corrupt_record,StringType,true), (mode,PERMISSIVE), (columnNameOfCorruptRecord,_recon_corrupt_record), cactus__metadata#0, Some(UTC))),isnull(from_json(StructField(partition,StringType,true), StructField(offset,StringType,true), StructField(_recon_corrupt_record,StringType,true), (mode,PERMISSIVE), (columnNameOfCorruptRecord,_recon_corrupt_record), cactus__metadata#0, Some(UTC))._recon_corrupt_record),((isnull(cactus__metadata#0) OR (isnull(from_json(StructField(partition,StringType,true), StructField(offset,StringType,true), StructField(_recon_corrupt_record,StringType,true), (mode,PERMISSIVE), (columnNameOfCorruptRecord,_recon_corrupt_record), cactus__metadata#0, Some(UTC))) OR isnotnull(from_json(StructField(partition,StringType,true), StructField(offset,StringType,true), StructField(_recon_corrupt_record,StringType,true), (mode,PERMISSIVE), (columnNameOfCorruptRecord,_recon_corrupt_record), cactus__metadata#0, Some(UTC))._recon_corrupt_record))) OR isnotnull(trim(from_json(StructField(partition,StringType,true), StructField(offset,StringType,true), StructField(_recon_corrupt_record,StringType,true), (mode,PERMISSIVE), (columnNameOfCorruptRecord,_recon_corrupt_record), cactus__metadata#0, Some(UTC)).partition, None))),((isnull(cactus__metadata#0) OR (isnull(from_json(StructField(partition,StringType,true), StructField(offset,StringType,true), StructField(_recon_corrupt_record,StringType,true), (mode,PERMISSIVE), (columnNameOfCorruptRecord,_recon_corrupt_record), cactus__metadata#0, Some(UTC))) OR isnotnull(from_json(StructField(partition,StringType,true), StructField(offset,StringType,true), StructField(_recon_corrupt_record,StringType,true), (mode,PERMISSIVE), (columnNameOfCorruptRecord,_recon_corrupt_record), cactus__metadata#0, Some(UTC))._recon_corrupt_record))) OR isnotnull(trim(from_json(StructField(partition,StringType,true), StructField(offset,StringType,true), StructField(_recon_corrupt_record,StringType,true), (mode,PERMISSIVE), (columnNameOfCorruptRecord,_recon_corrupt_record), cactus__metadata#0, Some(UTC)).offset, None))),(((isnull(cactus__metadata#0) OR (isnull(from_json(StructField(partition,StringType,true), StructField(offset,StringType,true), StructField(_recon_corrupt_record,StringType,true), (mode,PERMISSIVE), (columnNameOfCorruptRecord,_recon_corrupt_record), cactus__metadata#0, Some(UTC))) OR isnotnull(from_json(StructField(partition,StringType,true), StructField(offset,StringType,true), StructField(_recon_corrupt_record,StringType,true), (mode,PERMISSIVE), (columnNameOfCorruptRecord,_recon_corrupt_record), cactus__metadata#0, Some(UTC))._recon_corrupt_record))) OR isnull(trim(from_json(StructField(partition,StringType,true), StructField(offset,StringType,true), StructField(_recon_corrupt_record,StringType,true), (mode,PERMISSIVE), (columnNameOfCorruptRecord,_recon_corrupt_record), cactus__metadata#0, Some(UTC)).partition, None))) OR NOT CASE WHEN RLIKE(trim(from_json(StructField(partition,StringType,true), StructField(offset,StringType,true), StructField(_recon_corrupt_record,StringType,true), (mode,PERMISSIVE), (columnNameOfCorruptRecord,_recon_corrupt_record), cactus__metadata#0, Some(UTC)).partition, None), ^[0-9]+$) THEN isnull(cast(trim(from_json(StructField(partition,StringType,true), StructField(offset,StringType,true), StructField(_recon_corrupt_record,StringType,true), (mode,PERMISSIVE), (columnNameOfCorruptRecord,_recon_corrupt_record), cactus__metadata#0, Some(UTC)).partition, None) as int)) ELSE true END),(((isnull(cactus__metadata#0) OR (isnull(from_json(StructField(partition,StringType,true), StructField(offset,StringType,true), StructField(_recon_corrupt_record,StringType,true), (mode,PERMISSIVE), (columnNameOfCorruptRecord,_recon_corrupt_record), cactus__metadata#0, Some(UTC))) OR isnotnull(from_json(StructField(partition,StringType,true), StructField(offset,StringType,true), StructField(_recon_corrupt_record,StringType,true), (mode,PERMISSIVE), (columnNameOfCorruptRecord,_recon_corrupt_record), cactus__metadata#0, Some(UTC))._recon_corrupt_record))) OR isnull(trim(from_json(StructField(partition,StringType,true), StructField(offset,StringType,true), StructField(_recon_corrupt_record,StringType,true), (mode,PERMISSIVE), (columnNameOfCorruptRecord,_recon_corrupt_record), cactus__metadata#0, Some(UTC)).offset, None))) OR NOT CASE WHEN RLIKE(trim(from_json(StructField(partition,StringType,true), StructField(offset,StringType,true), StructField(_recon_corrupt_record,StringType,true), (mode,PERMISSIVE), (columnNameOfCorruptRecord,_recon_corrupt_record), cactus__metadata#0, Some(UTC)).offset, None), ^[0-9]+$) THEN isnull(cast(trim(from_json(StructField(partition,StringType,true), StructField(offset,StringType,true), StructField(_recon_corrupt_record,StringType,true), (mode,PERMISSIVE), (columnNameOfCorruptRecord,_recon_corrupt_record), cactus__metadata#0, Some(UTC)).offset, None) as bigint)) ELSE true END)
26/07/03 08:13:09 INFO CodeGenerator: Code generated in 2.491083 ms
26/07/03 08:13:09 INFO MemoryStore: Block broadcast_10 stored as values in memory (estimated size 201.4 KiB, free 433.9 MiB)
26/07/03 08:13:09 INFO MemoryStore: Block broadcast_10_piece0 stored as bytes in memory (estimated size 35.1 KiB, free 433.8 MiB)
26/07/03 08:13:09 INFO BlockManagerInfo: Added broadcast_10_piece0 in memory on 064b77ed9c92:40841 (size: 35.1 KiB, free: 434.3 MiB)
26/07/03 08:13:09 INFO SparkContext: Created broadcast 10 from count at OffsetAnalytics.java:39
26/07/03 08:13:09 INFO FileSourceScanExec: Planning scan with bin packing, max size: 4194304 bytes, open cost is considered as scanning 4194304 bytes.
26/07/03 08:13:09 INFO DAGScheduler: Registering RDD 32 (count at OffsetAnalytics.java:39) as input to shuffle 3
26/07/03 08:13:09 INFO DAGScheduler: Got map stage job 7 (count at OffsetAnalytics.java:39) with 1 output partitions
26/07/03 08:13:09 INFO DAGScheduler: Final stage: ShuffleMapStage 10 (count at OffsetAnalytics.java:39)
26/07/03 08:13:09 INFO DAGScheduler: Parents of final stage: List()
26/07/03 08:13:09 INFO DAGScheduler: Missing parents: List()
26/07/03 08:13:09 INFO DAGScheduler: Submitting ShuffleMapStage 10 (MapPartitionsRDD[32] at count at OffsetAnalytics.java:39), which has no missing parents
26/07/03 08:13:09 INFO MemoryStore: Block broadcast_11 stored as values in memory (estimated size 40.7 KiB, free 433.8 MiB)
26/07/03 08:13:09 INFO MemoryStore: Block broadcast_11_piece0 stored as bytes in memory (estimated size 16.1 KiB, free 433.8 MiB)
26/07/03 08:13:09 INFO BlockManagerInfo: Added broadcast_11_piece0 in memory on 064b77ed9c92:40841 (size: 16.1 KiB, free: 434.3 MiB)
26/07/03 08:13:09 INFO SparkContext: Created broadcast 11 from broadcast at DAGScheduler.scala:1611
26/07/03 08:13:09 INFO DAGScheduler: Submitting 1 missing tasks from ShuffleMapStage 10 (MapPartitionsRDD[32] at count at OffsetAnalytics.java:39) (first 15 tasks are for partitions Vector(0))
26/07/03 08:13:09 INFO TaskSchedulerImpl: Adding task set 10.0 with 1 tasks resource profile 0
26/07/03 08:13:09 INFO TaskSetManager: Starting task 0.0 in stage 10.0 (TID 7) (064b77ed9c92, executor driver, partition 0, PROCESS_LOCAL, 9900 bytes) 
26/07/03 08:13:09 INFO Executor: Running task 0.0 in stage 10.0 (TID 7)
26/07/03 08:13:09 INFO CodeGenerator: Code generated in 4.246084 ms
26/07/03 08:13:09 INFO CodeGenerator: Code generated in 2.374125 ms
26/07/03 08:13:09 INFO FileScanRDD: Reading File path: file:///recon-local/java-fixtures/gap_over_limit/root_a/timestampcolumn=2026-07-01/part-00000-92eb02e7-1b43-4a01-b996-b6e416d8e11e-c000.snappy.parquet, range: 0-900, partition values: [empty row]
26/07/03 08:13:09 INFO FilterCompat: Filtering using predicate: noteq(cactus__metadata, null)
26/07/03 08:13:09 INFO Executor: Finished task 0.0 in stage 10.0 (TID 7). 2248 bytes result sent to driver
26/07/03 08:13:09 INFO TaskSetManager: Finished task 0.0 in stage 10.0 (TID 7) in 42 ms on 064b77ed9c92 (executor driver) (1/1)
26/07/03 08:13:09 INFO TaskSchedulerImpl: Removed TaskSet 10.0, whose tasks have all completed, from pool 
26/07/03 08:13:09 INFO DAGScheduler: ShuffleMapStage 10 (count at OffsetAnalytics.java:39) finished in 0.070 s
26/07/03 08:13:09 INFO DAGScheduler: looking for newly runnable stages
26/07/03 08:13:09 INFO DAGScheduler: running: Set()
26/07/03 08:13:09 INFO DAGScheduler: waiting: Set()
26/07/03 08:13:09 INFO DAGScheduler: failed: Set()
26/07/03 08:13:09 INFO CodeGenerator: Code generated in 2.349792 ms
26/07/03 08:13:09 INFO SparkContext: Starting job: count at OffsetAnalytics.java:39
26/07/03 08:13:09 INFO DAGScheduler: Got job 8 (count at OffsetAnalytics.java:39) with 1 output partitions
26/07/03 08:13:09 INFO DAGScheduler: Final stage: ResultStage 12 (count at OffsetAnalytics.java:39)
26/07/03 08:13:09 INFO DAGScheduler: Parents of final stage: List(ShuffleMapStage 11)
26/07/03 08:13:09 INFO DAGScheduler: Missing parents: List()
26/07/03 08:13:09 INFO DAGScheduler: Submitting ResultStage 12 (MapPartitionsRDD[35] at count at OffsetAnalytics.java:39), which has no missing parents
26/07/03 08:13:09 INFO MemoryStore: Block broadcast_12 stored as values in memory (estimated size 12.5 KiB, free 433.8 MiB)
26/07/03 08:13:09 INFO MemoryStore: Block broadcast_12_piece0 stored as bytes in memory (estimated size 5.9 KiB, free 433.8 MiB)
26/07/03 08:13:09 INFO BlockManagerInfo: Added broadcast_12_piece0 in memory on 064b77ed9c92:40841 (size: 5.9 KiB, free: 434.3 MiB)
26/07/03 08:13:09 INFO BlockManagerInfo: Removed broadcast_11_piece0 on 064b77ed9c92:40841 in memory (size: 16.1 KiB, free: 434.3 MiB)
26/07/03 08:13:09 INFO SparkContext: Created broadcast 12 from broadcast at DAGScheduler.scala:1611
26/07/03 08:13:09 INFO DAGScheduler: Submitting 1 missing tasks from ResultStage 12 (MapPartitionsRDD[35] at count at OffsetAnalytics.java:39) (first 15 tasks are for partitions Vector(0))
26/07/03 08:13:09 INFO TaskSchedulerImpl: Adding task set 12.0 with 1 tasks resource profile 0
26/07/03 08:13:09 INFO TaskSetManager: Starting task 0.0 in stage 12.0 (TID 8) (064b77ed9c92, executor driver, partition 0, NODE_LOCAL, 9198 bytes) 
26/07/03 08:13:09 INFO Executor: Running task 0.0 in stage 12.0 (TID 8)
26/07/03 08:13:09 INFO BlockManagerInfo: Removed broadcast_9_piece0 on 064b77ed9c92:40841 in memory (size: 9.1 KiB, free: 434.3 MiB)
26/07/03 08:13:09 INFO ShuffleBlockFetcherIterator: Getting 1 (60.0 B) non-empty blocks including 1 (60.0 B) local and 0 (0.0 B) host-local and 0 (0.0 B) push-merged-local and 0 (0.0 B) remote blocks
26/07/03 08:13:09 INFO ShuffleBlockFetcherIterator: Started 0 remote fetches in 0 ms
26/07/03 08:13:09 INFO BlockManagerInfo: Removed broadcast_8_piece0 on 064b77ed9c92:40841 in memory (size: 18.9 KiB, free: 434.3 MiB)
26/07/03 08:13:09 INFO BlockManagerInfo: Removed broadcast_7_piece0 on 064b77ed9c92:40841 in memory (size: 35.1 KiB, free: 434.4 MiB)
26/07/03 08:13:09 INFO CodeGenerator: Code generated in 16.398041 ms
26/07/03 08:13:09 INFO Executor: Finished task 0.0 in stage 12.0 (TID 8). 3995 bytes result sent to driver
26/07/03 08:13:09 INFO TaskSetManager: Finished task 0.0 in stage 12.0 (TID 8) in 23 ms on 064b77ed9c92 (executor driver) (1/1)
26/07/03 08:13:09 INFO TaskSchedulerImpl: Removed TaskSet 12.0, whose tasks have all completed, from pool 
26/07/03 08:13:09 INFO DAGScheduler: ResultStage 12 (count at OffsetAnalytics.java:39) finished in 0.032 s
26/07/03 08:13:09 INFO DAGScheduler: Job 8 is finished. Cancelling potential speculative or zombie tasks for this job
26/07/03 08:13:09 INFO TaskSchedulerImpl: Killing all running tasks in stage 12: Stage finished
26/07/03 08:13:09 INFO DAGScheduler: Job 8 finished: count at OffsetAnalytics.java:39, took 0.034581 s
26/07/03 08:13:09 INFO FileSourceStrategy: Pushed Filters: IsNotNull(cactus__metadata)
26/07/03 08:13:09 INFO FileSourceStrategy: Post-Scan Filters: isnotnull(cactus__metadata#0),isnotnull(from_json(StructField(partition,StringType,true), StructField(offset,StringType,true), StructField(_recon_corrupt_record,StringType,true), (mode,PERMISSIVE), (columnNameOfCorruptRecord,_recon_corrupt_record), cactus__metadata#0, Some(UTC))),isnull(from_json(StructField(partition,StringType,true), StructField(offset,StringType,true), StructField(_recon_corrupt_record,StringType,true), (mode,PERMISSIVE), (columnNameOfCorruptRecord,_recon_corrupt_record), cactus__metadata#0, Some(UTC))._recon_corrupt_record),((isnull(cactus__metadata#0) OR (isnull(from_json(StructField(partition,StringType,true), StructField(offset,StringType,true), StructField(_recon_corrupt_record,StringType,true), (mode,PERMISSIVE), (columnNameOfCorruptRecord,_recon_corrupt_record), cactus__metadata#0, Some(UTC))) OR isnotnull(from_json(StructField(partition,StringType,true), StructField(offset,StringType,true), StructField(_recon_corrupt_record,StringType,true), (mode,PERMISSIVE), (columnNameOfCorruptRecord,_recon_corrupt_record), cactus__metadata#0, Some(UTC))._recon_corrupt_record))) OR isnotnull(trim(from_json(StructField(partition,StringType,true), StructField(offset,StringType,true), StructField(_recon_corrupt_record,StringType,true), (mode,PERMISSIVE), (columnNameOfCorruptRecord,_recon_corrupt_record), cactus__metadata#0, Some(UTC)).partition, None))),((isnull(cactus__metadata#0) OR (isnull(from_json(StructField(partition,StringType,true), StructField(offset,StringType,true), StructField(_recon_corrupt_record,StringType,true), (mode,PERMISSIVE), (columnNameOfCorruptRecord,_recon_corrupt_record), cactus__metadata#0, Some(UTC))) OR isnotnull(from_json(StructField(partition,StringType,true), StructField(offset,StringType,true), StructField(_recon_corrupt_record,StringType,true), (mode,PERMISSIVE), (columnNameOfCorruptRecord,_recon_corrupt_record), cactus__metadata#0, Some(UTC))._recon_corrupt_record))) OR isnotnull(trim(from_json(StructField(partition,StringType,true), StructField(offset,StringType,true), StructField(_recon_corrupt_record,StringType,true), (mode,PERMISSIVE), (columnNameOfCorruptRecord,_recon_corrupt_record), cactus__metadata#0, Some(UTC)).offset, None))),(((isnull(cactus__metadata#0) OR (isnull(from_json(StructField(partition,StringType,true), StructField(offset,StringType,true), StructField(_recon_corrupt_record,StringType,true), (mode,PERMISSIVE), (columnNameOfCorruptRecord,_recon_corrupt_record), cactus__metadata#0, Some(UTC))) OR isnotnull(from_json(StructField(partition,StringType,true), StructField(offset,StringType,true), StructField(_recon_corrupt_record,StringType,true), (mode,PERMISSIVE), (columnNameOfCorruptRecord,_recon_corrupt_record), cactus__metadata#0, Some(UTC))._recon_corrupt_record))) OR isnull(trim(from_json(StructField(partition,StringType,true), StructField(offset,StringType,true), StructField(_recon_corrupt_record,StringType,true), (mode,PERMISSIVE), (columnNameOfCorruptRecord,_recon_corrupt_record), cactus__metadata#0, Some(UTC)).partition, None))) OR NOT CASE WHEN RLIKE(trim(from_json(StructField(partition,StringType,true), StructField(offset,StringType,true), StructField(_recon_corrupt_record,StringType,true), (mode,PERMISSIVE), (columnNameOfCorruptRecord,_recon_corrupt_record), cactus__metadata#0, Some(UTC)).partition, None), ^[0-9]+$) THEN isnull(cast(trim(from_json(StructField(partition,StringType,true), StructField(offset,StringType,true), StructField(_recon_corrupt_record,StringType,true), (mode,PERMISSIVE), (columnNameOfCorruptRecord,_recon_corrupt_record), cactus__metadata#0, Some(UTC)).partition, None) as int)) ELSE true END),(((isnull(cactus__metadata#0) OR (isnull(from_json(StructField(partition,StringType,true), StructField(offset,StringType,true), StructField(_recon_corrupt_record,StringType,true), (mode,PERMISSIVE), (columnNameOfCorruptRecord,_recon_corrupt_record), cactus__metadata#0, Some(UTC))) OR isnotnull(from_json(StructField(partition,StringType,true), StructField(offset,StringType,true), StructField(_recon_corrupt_record,StringType,true), (mode,PERMISSIVE), (columnNameOfCorruptRecord,_recon_corrupt_record), cactus__metadata#0, Some(UTC))._recon_corrupt_record))) OR isnull(trim(from_json(StructField(partition,StringType,true), StructField(offset,StringType,true), StructField(_recon_corrupt_record,StringType,true), (mode,PERMISSIVE), (columnNameOfCorruptRecord,_recon_corrupt_record), cactus__metadata#0, Some(UTC)).offset, None))) OR NOT CASE WHEN RLIKE(trim(from_json(StructField(partition,StringType,true), StructField(offset,StringType,true), StructField(_recon_corrupt_record,StringType,true), (mode,PERMISSIVE), (columnNameOfCorruptRecord,_recon_corrupt_record), cactus__metadata#0, Some(UTC)).offset, None), ^[0-9]+$) THEN isnull(cast(trim(from_json(StructField(partition,StringType,true), StructField(offset,StringType,true), StructField(_recon_corrupt_record,StringType,true), (mode,PERMISSIVE), (columnNameOfCorruptRecord,_recon_corrupt_record), cactus__metadata#0, Some(UTC)).offset, None) as bigint)) ELSE true END)
26/07/03 08:13:09 INFO CodeGenerator: Code generated in 14.106208 ms
26/07/03 08:13:09 INFO MemoryStore: Block broadcast_13 stored as values in memory (estimated size 201.4 KiB, free 434.0 MiB)
26/07/03 08:13:09 INFO MemoryStore: Block broadcast_13_piece0 stored as bytes in memory (estimated size 35.1 KiB, free 433.9 MiB)
26/07/03 08:13:09 INFO BlockManagerInfo: Added broadcast_13_piece0 in memory on 064b77ed9c92:40841 (size: 35.1 KiB, free: 434.3 MiB)
26/07/03 08:13:09 INFO SparkContext: Created broadcast 13 from count at OffsetAnalytics.java:45
26/07/03 08:13:09 INFO FileSourceScanExec: Planning scan with bin packing, max size: 4194304 bytes, open cost is considered as scanning 4194304 bytes.
26/07/03 08:13:09 INFO DAGScheduler: Registering RDD 42 (count at OffsetAnalytics.java:45) as input to shuffle 4
26/07/03 08:13:09 INFO DAGScheduler: Got map stage job 9 (count at OffsetAnalytics.java:45) with 1 output partitions
26/07/03 08:13:09 INFO DAGScheduler: Final stage: ShuffleMapStage 13 (count at OffsetAnalytics.java:45)
26/07/03 08:13:09 INFO DAGScheduler: Parents of final stage: List()
26/07/03 08:13:09 INFO DAGScheduler: Missing parents: List()
26/07/03 08:13:09 INFO DAGScheduler: Submitting ShuffleMapStage 13 (MapPartitionsRDD[42] at count at OffsetAnalytics.java:45), which has no missing parents
26/07/03 08:13:09 INFO MemoryStore: Block broadcast_14 stored as values in memory (estimated size 64.5 KiB, free 433.9 MiB)
26/07/03 08:13:09 INFO MemoryStore: Block broadcast_14_piece0 stored as bytes in memory (estimated size 23.7 KiB, free 433.8 MiB)
26/07/03 08:13:09 INFO BlockManagerInfo: Added broadcast_14_piece0 in memory on 064b77ed9c92:40841 (size: 23.7 KiB, free: 434.3 MiB)
26/07/03 08:13:09 INFO SparkContext: Created broadcast 14 from broadcast at DAGScheduler.scala:1611
26/07/03 08:13:09 INFO DAGScheduler: Submitting 1 missing tasks from ShuffleMapStage 13 (MapPartitionsRDD[42] at count at OffsetAnalytics.java:45) (first 15 tasks are for partitions Vector(0))
26/07/03 08:13:09 INFO TaskSchedulerImpl: Adding task set 13.0 with 1 tasks resource profile 0
26/07/03 08:13:09 INFO TaskSetManager: Starting task 0.0 in stage 13.0 (TID 9) (064b77ed9c92, executor driver, partition 0, PROCESS_LOCAL, 9900 bytes) 
26/07/03 08:13:09 INFO Executor: Running task 0.0 in stage 13.0 (TID 9)
26/07/03 08:13:09 INFO CodeGenerator: Code generated in 3.935125 ms
26/07/03 08:13:09 INFO CodeGenerator: Code generated in 8.543041 ms
26/07/03 08:13:09 INFO CodeGenerator: Code generated in 4.631125 ms
26/07/03 08:13:09 INFO CodeGenerator: Code generated in 1.428875 ms
26/07/03 08:13:09 INFO CodeGenerator: Code generated in 1.30825 ms
26/07/03 08:13:09 INFO FileScanRDD: Reading File path: file:///recon-local/java-fixtures/gap_over_limit/root_a/timestampcolumn=2026-07-01/part-00000-92eb02e7-1b43-4a01-b996-b6e416d8e11e-c000.snappy.parquet, range: 0-900, partition values: [empty row]
26/07/03 08:13:09 INFO FilterCompat: Filtering using predicate: noteq(cactus__metadata, null)
26/07/03 08:13:09 INFO Executor: Finished task 0.0 in stage 13.0 (TID 9). 3042 bytes result sent to driver
26/07/03 08:13:09 INFO TaskSetManager: Finished task 0.0 in stage 13.0 (TID 9) in 52 ms on 064b77ed9c92 (executor driver) (1/1)
26/07/03 08:13:09 INFO TaskSchedulerImpl: Removed TaskSet 13.0, whose tasks have all completed, from pool 
26/07/03 08:13:09 INFO DAGScheduler: ShuffleMapStage 13 (count at OffsetAnalytics.java:45) finished in 0.055 s
26/07/03 08:13:09 INFO DAGScheduler: looking for newly runnable stages
26/07/03 08:13:09 INFO DAGScheduler: running: Set()
26/07/03 08:13:09 INFO DAGScheduler: waiting: Set()
26/07/03 08:13:09 INFO DAGScheduler: failed: Set()
26/07/03 08:13:09 INFO ShufflePartitionsUtil: For shuffle(4), advisory target size: 67108864, actual target size 1048576, minimum partition size: 1048576
26/07/03 08:13:09 INFO CodeGenerator: Code generated in 6.432625 ms
26/07/03 08:13:09 INFO DAGScheduler: Registering RDD 45 (count at OffsetAnalytics.java:45) as input to shuffle 5
26/07/03 08:13:09 INFO DAGScheduler: Got map stage job 10 (count at OffsetAnalytics.java:45) with 1 output partitions
26/07/03 08:13:09 INFO DAGScheduler: Final stage: ShuffleMapStage 15 (count at OffsetAnalytics.java:45)
26/07/03 08:13:09 INFO DAGScheduler: Parents of final stage: List(ShuffleMapStage 14)
26/07/03 08:13:09 INFO DAGScheduler: Missing parents: List()
26/07/03 08:13:09 INFO DAGScheduler: Submitting ShuffleMapStage 15 (MapPartitionsRDD[45] at count at OffsetAnalytics.java:45), which has no missing parents
26/07/03 08:13:09 INFO MemoryStore: Block broadcast_15 stored as values in memory (estimated size 66.9 KiB, free 433.8 MiB)
26/07/03 08:13:09 INFO MemoryStore: Block broadcast_15_piece0 stored as bytes in memory (estimated size 25.1 KiB, free 433.7 MiB)
26/07/03 08:13:09 INFO BlockManagerInfo: Added broadcast_15_piece0 in memory on 064b77ed9c92:40841 (size: 25.1 KiB, free: 434.3 MiB)
26/07/03 08:13:09 INFO SparkContext: Created broadcast 15 from broadcast at DAGScheduler.scala:1611
26/07/03 08:13:09 INFO DAGScheduler: Submitting 1 missing tasks from ShuffleMapStage 15 (MapPartitionsRDD[45] at count at OffsetAnalytics.java:45) (first 15 tasks are for partitions Vector(0))
26/07/03 08:13:09 INFO TaskSchedulerImpl: Adding task set 15.0 with 1 tasks resource profile 0
26/07/03 08:13:09 INFO TaskSetManager: Starting task 0.0 in stage 15.0 (TID 10) (064b77ed9c92, executor driver, partition 0, NODE_LOCAL, 9187 bytes) 
26/07/03 08:13:09 INFO Executor: Running task 0.0 in stage 15.0 (TID 10)
26/07/03 08:13:09 INFO ShuffleBlockFetcherIterator: Getting 1 (186.0 B) non-empty blocks including 1 (186.0 B) local and 0 (0.0 B) host-local and 0 (0.0 B) push-merged-local and 0 (0.0 B) remote blocks
26/07/03 08:13:09 INFO ShuffleBlockFetcherIterator: Started 0 remote fetches in 0 ms
26/07/03 08:13:09 INFO CodeGenerator: Code generated in 6.577458 ms
26/07/03 08:13:09 INFO Executor: Finished task 0.0 in stage 15.0 (TID 10). 5915 bytes result sent to driver
26/07/03 08:13:09 INFO TaskSetManager: Finished task 0.0 in stage 15.0 (TID 10) in 17 ms on 064b77ed9c92 (executor driver) (1/1)
26/07/03 08:13:09 INFO TaskSchedulerImpl: Removed TaskSet 15.0, whose tasks have all completed, from pool 
26/07/03 08:13:09 INFO DAGScheduler: ShuffleMapStage 15 (count at OffsetAnalytics.java:45) finished in 0.019 s
26/07/03 08:13:09 INFO DAGScheduler: looking for newly runnable stages
26/07/03 08:13:09 INFO DAGScheduler: running: Set()
26/07/03 08:13:09 INFO DAGScheduler: waiting: Set()
26/07/03 08:13:09 INFO DAGScheduler: failed: Set()
26/07/03 08:13:09 INFO CodeGenerator: Code generated in 1.836542 ms
26/07/03 08:13:09 INFO SparkContext: Starting job: count at OffsetAnalytics.java:45
26/07/03 08:13:09 INFO DAGScheduler: Got job 11 (count at OffsetAnalytics.java:45) with 1 output partitions
26/07/03 08:13:09 INFO DAGScheduler: Final stage: ResultStage 18 (count at OffsetAnalytics.java:45)
26/07/03 08:13:09 INFO DAGScheduler: Parents of final stage: List(ShuffleMapStage 17)
26/07/03 08:13:09 INFO DAGScheduler: Missing parents: List()
26/07/03 08:13:09 INFO DAGScheduler: Submitting ResultStage 18 (MapPartitionsRDD[48] at count at OffsetAnalytics.java:45), which has no missing parents
26/07/03 08:13:09 INFO MemoryStore: Block broadcast_16 stored as values in memory (estimated size 12.5 KiB, free 433.7 MiB)
26/07/03 08:13:09 INFO MemoryStore: Block broadcast_16_piece0 stored as bytes in memory (estimated size 5.9 KiB, free 433.7 MiB)
26/07/03 08:13:09 INFO BlockManagerInfo: Added broadcast_16_piece0 in memory on 064b77ed9c92:40841 (size: 5.9 KiB, free: 434.3 MiB)
26/07/03 08:13:09 INFO BlockManagerInfo: Removed broadcast_15_piece0 on 064b77ed9c92:40841 in memory (size: 25.1 KiB, free: 434.3 MiB)
26/07/03 08:13:09 INFO SparkContext: Created broadcast 16 from broadcast at DAGScheduler.scala:1611
26/07/03 08:13:09 INFO DAGScheduler: Submitting 1 missing tasks from ResultStage 18 (MapPartitionsRDD[48] at count at OffsetAnalytics.java:45) (first 15 tasks are for partitions Vector(0))
26/07/03 08:13:09 INFO TaskSchedulerImpl: Adding task set 18.0 with 1 tasks resource profile 0
26/07/03 08:13:09 INFO TaskSetManager: Starting task 0.0 in stage 18.0 (TID 11) (064b77ed9c92, executor driver, partition 0, NODE_LOCAL, 9198 bytes) 
26/07/03 08:13:09 INFO Executor: Running task 0.0 in stage 18.0 (TID 11)
26/07/03 08:13:09 INFO BlockManagerInfo: Removed broadcast_10_piece0 on 064b77ed9c92:40841 in memory (size: 35.1 KiB, free: 434.3 MiB)
26/07/03 08:13:09 INFO ShuffleBlockFetcherIterator: Getting 1 (60.0 B) non-empty blocks including 1 (60.0 B) local and 0 (0.0 B) host-local and 0 (0.0 B) push-merged-local and 0 (0.0 B) remote blocks
26/07/03 08:13:09 INFO ShuffleBlockFetcherIterator: Started 0 remote fetches in 0 ms
26/07/03 08:13:09 INFO BlockManagerInfo: Removed broadcast_12_piece0 on 064b77ed9c92:40841 in memory (size: 5.9 KiB, free: 434.3 MiB)
26/07/03 08:13:09 INFO BlockManagerInfo: Removed broadcast_14_piece0 on 064b77ed9c92:40841 in memory (size: 23.7 KiB, free: 434.4 MiB)
26/07/03 08:13:09 INFO CodeGenerator: Code generated in 8.727 ms
26/07/03 08:13:09 INFO Executor: Finished task 0.0 in stage 18.0 (TID 11). 3995 bytes result sent to driver
26/07/03 08:13:09 INFO TaskSetManager: Finished task 0.0 in stage 18.0 (TID 11) in 14 ms on 064b77ed9c92 (executor driver) (1/1)
26/07/03 08:13:09 INFO TaskSchedulerImpl: Removed TaskSet 18.0, whose tasks have all completed, from pool 
26/07/03 08:13:09 INFO DAGScheduler: ResultStage 18 (count at OffsetAnalytics.java:45) finished in 0.026 s
26/07/03 08:13:09 INFO DAGScheduler: Job 11 is finished. Cancelling potential speculative or zombie tasks for this job
26/07/03 08:13:09 INFO TaskSchedulerImpl: Killing all running tasks in stage 18: Stage finished
26/07/03 08:13:09 INFO DAGScheduler: Job 11 finished: count at OffsetAnalytics.java:45, took 0.028584 s
26/07/03 08:13:09 INFO FileSourceStrategy: Pushed Filters: IsNotNull(cactus__metadata)
26/07/03 08:13:09 INFO FileSourceStrategy: Post-Scan Filters: isnotnull(cactus__metadata#0),isnotnull(from_json(StructField(partition,StringType,true), StructField(offset,StringType,true), StructField(_recon_corrupt_record,StringType,true), (mode,PERMISSIVE), (columnNameOfCorruptRecord,_recon_corrupt_record), cactus__metadata#0, Some(UTC))),isnull(from_json(StructField(partition,StringType,true), StructField(offset,StringType,true), StructField(_recon_corrupt_record,StringType,true), (mode,PERMISSIVE), (columnNameOfCorruptRecord,_recon_corrupt_record), cactus__metadata#0, Some(UTC))._recon_corrupt_record),((isnull(cactus__metadata#0) OR (isnull(from_json(StructField(partition,StringType,true), StructField(offset,StringType,true), StructField(_recon_corrupt_record,StringType,true), (mode,PERMISSIVE), (columnNameOfCorruptRecord,_recon_corrupt_record), cactus__metadata#0, Some(UTC))) OR isnotnull(from_json(StructField(partition,StringType,true), StructField(offset,StringType,true), StructField(_recon_corrupt_record,StringType,true), (mode,PERMISSIVE), (columnNameOfCorruptRecord,_recon_corrupt_record), cactus__metadata#0, Some(UTC))._recon_corrupt_record))) OR isnotnull(trim(from_json(StructField(partition,StringType,true), StructField(offset,StringType,true), StructField(_recon_corrupt_record,StringType,true), (mode,PERMISSIVE), (columnNameOfCorruptRecord,_recon_corrupt_record), cactus__metadata#0, Some(UTC)).partition, None))),((isnull(cactus__metadata#0) OR (isnull(from_json(StructField(partition,StringType,true), StructField(offset,StringType,true), StructField(_recon_corrupt_record,StringType,true), (mode,PERMISSIVE), (columnNameOfCorruptRecord,_recon_corrupt_record), cactus__metadata#0, Some(UTC))) OR isnotnull(from_json(StructField(partition,StringType,true), StructField(offset,StringType,true), StructField(_recon_corrupt_record,StringType,true), (mode,PERMISSIVE), (columnNameOfCorruptRecord,_recon_corrupt_record), cactus__metadata#0, Some(UTC))._recon_corrupt_record))) OR isnotnull(trim(from_json(StructField(partition,StringType,true), StructField(offset,StringType,true), StructField(_recon_corrupt_record,StringType,true), (mode,PERMISSIVE), (columnNameOfCorruptRecord,_recon_corrupt_record), cactus__metadata#0, Some(UTC)).offset, None))),(((isnull(cactus__metadata#0) OR (isnull(from_json(StructField(partition,StringType,true), StructField(offset,StringType,true), StructField(_recon_corrupt_record,StringType,true), (mode,PERMISSIVE), (columnNameOfCorruptRecord,_recon_corrupt_record), cactus__metadata#0, Some(UTC))) OR isnotnull(from_json(StructField(partition,StringType,true), StructField(offset,StringType,true), StructField(_recon_corrupt_record,StringType,true), (mode,PERMISSIVE), (columnNameOfCorruptRecord,_recon_corrupt_record), cactus__metadata#0, Some(UTC))._recon_corrupt_record))) OR isnull(trim(from_json(StructField(partition,StringType,true), StructField(offset,StringType,true), StructField(_recon_corrupt_record,StringType,true), (mode,PERMISSIVE), (columnNameOfCorruptRecord,_recon_corrupt_record), cactus__metadata#0, Some(UTC)).partition, None))) OR NOT CASE WHEN RLIKE(trim(from_json(StructField(partition,StringType,true), StructField(offset,StringType,true), StructField(_recon_corrupt_record,StringType,true), (mode,PERMISSIVE), (columnNameOfCorruptRecord,_recon_corrupt_record), cactus__metadata#0, Some(UTC)).partition, None), ^[0-9]+$) THEN isnull(cast(trim(from_json(StructField(partition,StringType,true), StructField(offset,StringType,true), StructField(_recon_corrupt_record,StringType,true), (mode,PERMISSIVE), (columnNameOfCorruptRecord,_recon_corrupt_record), cactus__metadata#0, Some(UTC)).partition, None) as int)) ELSE true END),(((isnull(cactus__metadata#0) OR (isnull(from_json(StructField(partition,StringType,true), StructField(offset,StringType,true), StructField(_recon_corrupt_record,StringType,true), (mode,PERMISSIVE), (columnNameOfCorruptRecord,_recon_corrupt_record), cactus__metadata#0, Some(UTC))) OR isnotnull(from_json(StructField(partition,StringType,true), StructField(offset,StringType,true), StructField(_recon_corrupt_record,StringType,true), (mode,PERMISSIVE), (columnNameOfCorruptRecord,_recon_corrupt_record), cactus__metadata#0, Some(UTC))._recon_corrupt_record))) OR isnull(trim(from_json(StructField(partition,StringType,true), StructField(offset,StringType,true), StructField(_recon_corrupt_record,StringType,true), (mode,PERMISSIVE), (columnNameOfCorruptRecord,_recon_corrupt_record), cactus__metadata#0, Some(UTC)).offset, None))) OR NOT CASE WHEN RLIKE(trim(from_json(StructField(partition,StringType,true), StructField(offset,StringType,true), StructField(_recon_corrupt_record,StringType,true), (mode,PERMISSIVE), (columnNameOfCorruptRecord,_recon_corrupt_record), cactus__metadata#0, Some(UTC)).offset, None), ^[0-9]+$) THEN isnull(cast(trim(from_json(StructField(partition,StringType,true), StructField(offset,StringType,true), StructField(_recon_corrupt_record,StringType,true), (mode,PERMISSIVE), (columnNameOfCorruptRecord,_recon_corrupt_record), cactus__metadata#0, Some(UTC)).offset, None) as bigint)) ELSE true END)
26/07/03 08:13:09 INFO MemoryStore: Block broadcast_17 stored as values in memory (estimated size 201.4 KiB, free 434.0 MiB)
26/07/03 08:13:09 INFO MemoryStore: Block broadcast_17_piece0 stored as bytes in memory (estimated size 35.1 KiB, free 433.9 MiB)
26/07/03 08:13:09 INFO BlockManagerInfo: Added broadcast_17_piece0 in memory on 064b77ed9c92:40841 (size: 35.1 KiB, free: 434.3 MiB)
26/07/03 08:13:09 INFO SparkContext: Created broadcast 17 from collectAsList at OffsetAnalytics.java:73
26/07/03 08:13:09 INFO FileSourceScanExec: Planning scan with bin packing, max size: 4194304 bytes, open cost is considered as scanning 4194304 bytes.
26/07/03 08:13:09 INFO DAGScheduler: Registering RDD 55 (collectAsList at OffsetAnalytics.java:73) as input to shuffle 6
26/07/03 08:13:09 INFO DAGScheduler: Got map stage job 12 (collectAsList at OffsetAnalytics.java:73) with 1 output partitions
26/07/03 08:13:09 INFO DAGScheduler: Final stage: ShuffleMapStage 19 (collectAsList at OffsetAnalytics.java:73)
26/07/03 08:13:09 INFO DAGScheduler: Parents of final stage: List()
26/07/03 08:13:09 INFO DAGScheduler: Missing parents: List()
26/07/03 08:13:09 INFO DAGScheduler: Submitting ShuffleMapStage 19 (MapPartitionsRDD[55] at collectAsList at OffsetAnalytics.java:73), which has no missing parents
26/07/03 08:13:09 INFO MemoryStore: Block broadcast_18 stored as values in memory (estimated size 64.5 KiB, free 433.9 MiB)
26/07/03 08:13:09 INFO MemoryStore: Block broadcast_18_piece0 stored as bytes in memory (estimated size 23.7 KiB, free 433.8 MiB)
26/07/03 08:13:09 INFO BlockManagerInfo: Added broadcast_18_piece0 in memory on 064b77ed9c92:40841 (size: 23.7 KiB, free: 434.3 MiB)
26/07/03 08:13:09 INFO SparkContext: Created broadcast 18 from broadcast at DAGScheduler.scala:1611
26/07/03 08:13:09 INFO DAGScheduler: Submitting 1 missing tasks from ShuffleMapStage 19 (MapPartitionsRDD[55] at collectAsList at OffsetAnalytics.java:73) (first 15 tasks are for partitions Vector(0))
26/07/03 08:13:09 INFO TaskSchedulerImpl: Adding task set 19.0 with 1 tasks resource profile 0
26/07/03 08:13:09 INFO TaskSetManager: Starting task 0.0 in stage 19.0 (TID 12) (064b77ed9c92, executor driver, partition 0, PROCESS_LOCAL, 9900 bytes) 
26/07/03 08:13:09 INFO Executor: Running task 0.0 in stage 19.0 (TID 12)
26/07/03 08:13:09 INFO FileScanRDD: Reading File path: file:///recon-local/java-fixtures/gap_over_limit/root_a/timestampcolumn=2026-07-01/part-00000-92eb02e7-1b43-4a01-b996-b6e416d8e11e-c000.snappy.parquet, range: 0-900, partition values: [empty row]
26/07/03 08:13:09 INFO FilterCompat: Filtering using predicate: noteq(cactus__metadata, null)
26/07/03 08:13:09 INFO Executor: Finished task 0.0 in stage 19.0 (TID 12). 3042 bytes result sent to driver
26/07/03 08:13:09 INFO TaskSetManager: Finished task 0.0 in stage 19.0 (TID 12) in 16 ms on 064b77ed9c92 (executor driver) (1/1)
26/07/03 08:13:09 INFO TaskSchedulerImpl: Removed TaskSet 19.0, whose tasks have all completed, from pool 
26/07/03 08:13:09 INFO DAGScheduler: ShuffleMapStage 19 (collectAsList at OffsetAnalytics.java:73) finished in 0.019 s
26/07/03 08:13:09 INFO DAGScheduler: looking for newly runnable stages
26/07/03 08:13:09 INFO DAGScheduler: running: Set()
26/07/03 08:13:09 INFO DAGScheduler: waiting: Set()
26/07/03 08:13:09 INFO DAGScheduler: failed: Set()
26/07/03 08:13:09 INFO ShufflePartitionsUtil: For shuffle(6), advisory target size: 67108864, actual target size 1048576, minimum partition size: 1048576
26/07/03 08:13:09 INFO CodeGenerator: Code generated in 8.47225 ms
26/07/03 08:13:09 INFO DAGScheduler: Registering RDD 58 (collectAsList at OffsetAnalytics.java:73) as input to shuffle 7
26/07/03 08:13:09 INFO DAGScheduler: Got map stage job 13 (collectAsList at OffsetAnalytics.java:73) with 1 output partitions
26/07/03 08:13:09 INFO DAGScheduler: Final stage: ShuffleMapStage 21 (collectAsList at OffsetAnalytics.java:73)
26/07/03 08:13:09 INFO DAGScheduler: Parents of final stage: List(ShuffleMapStage 20)
26/07/03 08:13:09 INFO DAGScheduler: Missing parents: List()
26/07/03 08:13:09 INFO DAGScheduler: Submitting ShuffleMapStage 21 (MapPartitionsRDD[58] at collectAsList at OffsetAnalytics.java:73), which has no missing parents
26/07/03 08:13:09 INFO MemoryStore: Block broadcast_19 stored as values in memory (estimated size 79.5 KiB, free 433.8 MiB)
26/07/03 08:13:09 INFO MemoryStore: Block broadcast_19_piece0 stored as bytes in memory (estimated size 27.4 KiB, free 433.7 MiB)
26/07/03 08:13:09 INFO BlockManagerInfo: Added broadcast_19_piece0 in memory on 064b77ed9c92:40841 (size: 27.4 KiB, free: 434.3 MiB)
26/07/03 08:13:09 INFO SparkContext: Created broadcast 19 from broadcast at DAGScheduler.scala:1611
26/07/03 08:13:09 INFO DAGScheduler: Submitting 1 missing tasks from ShuffleMapStage 21 (MapPartitionsRDD[58] at collectAsList at OffsetAnalytics.java:73) (first 15 tasks are for partitions Vector(0))
26/07/03 08:13:09 INFO TaskSchedulerImpl: Adding task set 21.0 with 1 tasks resource profile 0
26/07/03 08:13:09 INFO TaskSetManager: Starting task 0.0 in stage 21.0 (TID 13) (064b77ed9c92, executor driver, partition 0, NODE_LOCAL, 9187 bytes) 
26/07/03 08:13:09 INFO Executor: Running task 0.0 in stage 21.0 (TID 13)
26/07/03 08:13:09 INFO ShuffleBlockFetcherIterator: Getting 1 (186.0 B) non-empty blocks including 1 (186.0 B) local and 0 (0.0 B) host-local and 0 (0.0 B) push-merged-local and 0 (0.0 B) remote blocks
26/07/03 08:13:09 INFO ShuffleBlockFetcherIterator: Started 0 remote fetches in 0 ms
26/07/03 08:13:09 INFO CodeGenerator: Code generated in 7.493417 ms
26/07/03 08:13:09 INFO CodeGenerator: Code generated in 2.211458 ms
26/07/03 08:13:09 INFO CodeGenerator: Code generated in 1.40775 ms
26/07/03 08:13:09 INFO CodeGenerator: Code generated in 1.217833 ms
26/07/03 08:13:09 INFO CodeGenerator: Code generated in 1.197583 ms
26/07/03 08:13:09 INFO BlockManagerInfo: Removed broadcast_16_piece0 on 064b77ed9c92:40841 in memory (size: 5.9 KiB, free: 434.3 MiB)
26/07/03 08:13:09 INFO BlockManagerInfo: Removed broadcast_13_piece0 on 064b77ed9c92:40841 in memory (size: 35.1 KiB, free: 434.3 MiB)
26/07/03 08:13:09 INFO Executor: Finished task 0.0 in stage 21.0 (TID 13). 6160 bytes result sent to driver
26/07/03 08:13:09 INFO TaskSetManager: Finished task 0.0 in stage 21.0 (TID 13) in 33 ms on 064b77ed9c92 (executor driver) (1/1)
26/07/03 08:13:09 INFO BlockManagerInfo: Removed broadcast_18_piece0 on 064b77ed9c92:40841 in memory (size: 23.7 KiB, free: 434.3 MiB)
26/07/03 08:13:09 INFO DAGScheduler: ShuffleMapStage 21 (collectAsList at OffsetAnalytics.java:73) finished in 0.037 s
26/07/03 08:13:09 INFO TaskSchedulerImpl: Removed TaskSet 21.0, whose tasks have all completed, from pool 
26/07/03 08:13:09 INFO DAGScheduler: looking for newly runnable stages
26/07/03 08:13:09 INFO DAGScheduler: running: Set()
26/07/03 08:13:09 INFO DAGScheduler: waiting: Set()
26/07/03 08:13:09 INFO DAGScheduler: failed: Set()
26/07/03 08:13:09 INFO ShufflePartitionsUtil: For shuffle(7), advisory target size: 67108864, actual target size 1048576, minimum partition size: 1048576
26/07/03 08:13:09 INFO HashAggregateExec: spark.sql.codegen.aggregate.map.twolevel.enabled is set to true, but current version of codegened fast hashmap does not support this aggregate.
26/07/03 08:13:09 INFO CodeGenerator: Code generated in 3.496166 ms
26/07/03 08:13:09 INFO CodeGenerator: Code generated in 3.309 ms
26/07/03 08:13:09 INFO SparkContext: Starting job: collectAsList at OffsetAnalytics.java:73
26/07/03 08:13:09 INFO DAGScheduler: Got job 14 (collectAsList at OffsetAnalytics.java:73) with 1 output partitions
26/07/03 08:13:09 INFO DAGScheduler: Final stage: ResultStage 24 (collectAsList at OffsetAnalytics.java:73)
26/07/03 08:13:09 INFO DAGScheduler: Parents of final stage: List(ShuffleMapStage 23)
26/07/03 08:13:09 INFO DAGScheduler: Missing parents: List()
26/07/03 08:13:09 INFO DAGScheduler: Submitting ResultStage 24 (MapPartitionsRDD[63] at collectAsList at OffsetAnalytics.java:73), which has no missing parents
26/07/03 08:13:09 INFO MemoryStore: Block broadcast_20 stored as values in memory (estimated size 78.1 KiB, free 434.0 MiB)
26/07/03 08:13:09 INFO MemoryStore: Block broadcast_20_piece0 stored as bytes in memory (estimated size 28.7 KiB, free 434.0 MiB)
26/07/03 08:13:09 INFO BlockManagerInfo: Added broadcast_20_piece0 in memory on 064b77ed9c92:40841 (size: 28.7 KiB, free: 434.3 MiB)
26/07/03 08:13:09 INFO SparkContext: Created broadcast 20 from broadcast at DAGScheduler.scala:1611
26/07/03 08:13:09 INFO DAGScheduler: Submitting 1 missing tasks from ResultStage 24 (MapPartitionsRDD[63] at collectAsList at OffsetAnalytics.java:73) (first 15 tasks are for partitions Vector(0))
26/07/03 08:13:09 INFO TaskSchedulerImpl: Adding task set 24.0 with 1 tasks resource profile 0
26/07/03 08:13:09 INFO TaskSetManager: Starting task 0.0 in stage 24.0 (TID 14) (064b77ed9c92, executor driver, partition 0, NODE_LOCAL, 9198 bytes) 
26/07/03 08:13:09 INFO Executor: Running task 0.0 in stage 24.0 (TID 14)
26/07/03 08:13:09 INFO ShuffleBlockFetcherIterator: Getting 1 (138.0 B) non-empty blocks including 1 (138.0 B) local and 0 (0.0 B) host-local and 0 (0.0 B) push-merged-local and 0 (0.0 B) remote blocks
26/07/03 08:13:09 INFO ShuffleBlockFetcherIterator: Started 0 remote fetches in 0 ms
26/07/03 08:13:09 INFO CodeGenerator: Code generated in 4.353292 ms
26/07/03 08:13:09 INFO Executor: Finished task 0.0 in stage 24.0 (TID 14). 7571 bytes result sent to driver
26/07/03 08:13:09 INFO TaskSetManager: Finished task 0.0 in stage 24.0 (TID 14) in 14 ms on 064b77ed9c92 (executor driver) (1/1)
26/07/03 08:13:09 INFO TaskSchedulerImpl: Removed TaskSet 24.0, whose tasks have all completed, from pool 
26/07/03 08:13:09 INFO DAGScheduler: ResultStage 24 (collectAsList at OffsetAnalytics.java:73) finished in 0.018 s
26/07/03 08:13:09 INFO DAGScheduler: Job 14 is finished. Cancelling potential speculative or zombie tasks for this job
26/07/03 08:13:09 INFO TaskSchedulerImpl: Killing all running tasks in stage 24: Stage finished
26/07/03 08:13:09 INFO DAGScheduler: Job 14 finished: collectAsList at OffsetAnalytics.java:73, took 0.020654 s
26/07/03 08:13:09 INFO DAGScheduler: Registering RDD 64 (collectAsList at OffsetAnalytics.java:73) as input to shuffle 8
26/07/03 08:13:09 INFO DAGScheduler: Got map stage job 15 (collectAsList at OffsetAnalytics.java:73) with 1 output partitions
26/07/03 08:13:09 INFO DAGScheduler: Final stage: ShuffleMapStage 27 (collectAsList at OffsetAnalytics.java:73)
26/07/03 08:13:09 INFO DAGScheduler: Parents of final stage: List(ShuffleMapStage 26)
26/07/03 08:13:09 INFO DAGScheduler: Missing parents: List()
26/07/03 08:13:09 INFO DAGScheduler: Submitting ShuffleMapStage 27 (MapPartitionsRDD[64] at collectAsList at OffsetAnalytics.java:73), which has no missing parents
26/07/03 08:13:09 INFO MemoryStore: Block broadcast_21 stored as values in memory (estimated size 78.4 KiB, free 433.9 MiB)
26/07/03 08:13:09 INFO MemoryStore: Block broadcast_21_piece0 stored as bytes in memory (estimated size 28.8 KiB, free 433.9 MiB)
26/07/03 08:13:09 INFO BlockManagerInfo: Added broadcast_21_piece0 in memory on 064b77ed9c92:40841 (size: 28.8 KiB, free: 434.3 MiB)
26/07/03 08:13:09 INFO SparkContext: Created broadcast 21 from broadcast at DAGScheduler.scala:1611
26/07/03 08:13:09 INFO DAGScheduler: Submitting 1 missing tasks from ShuffleMapStage 27 (MapPartitionsRDD[64] at collectAsList at OffsetAnalytics.java:73) (first 15 tasks are for partitions Vector(0))
26/07/03 08:13:09 INFO TaskSchedulerImpl: Adding task set 27.0 with 1 tasks resource profile 0
26/07/03 08:13:09 INFO TaskSetManager: Starting task 0.0 in stage 27.0 (TID 15) (064b77ed9c92, executor driver, partition 0, NODE_LOCAL, 9187 bytes) 
26/07/03 08:13:09 INFO Executor: Running task 0.0 in stage 27.0 (TID 15)
26/07/03 08:13:09 INFO CodeGenerator: Code generated in 1.853334 ms
26/07/03 08:13:09 INFO ShuffleBlockFetcherIterator: Getting 1 (138.0 B) non-empty blocks including 1 (138.0 B) local and 0 (0.0 B) host-local and 0 (0.0 B) push-merged-local and 0 (0.0 B) remote blocks
26/07/03 08:13:09 INFO ShuffleBlockFetcherIterator: Started 0 remote fetches in 0 ms
26/07/03 08:13:09 INFO Executor: Finished task 0.0 in stage 27.0 (TID 15). 7540 bytes result sent to driver
26/07/03 08:13:09 INFO TaskSetManager: Finished task 0.0 in stage 27.0 (TID 15) in 14 ms on 064b77ed9c92 (executor driver) (1/1)
26/07/03 08:13:09 INFO TaskSchedulerImpl: Removed TaskSet 27.0, whose tasks have all completed, from pool 
26/07/03 08:13:09 INFO DAGScheduler: ShuffleMapStage 27 (collectAsList at OffsetAnalytics.java:73) finished in 0.019 s
26/07/03 08:13:09 INFO DAGScheduler: looking for newly runnable stages
26/07/03 08:13:09 INFO DAGScheduler: running: Set()
26/07/03 08:13:09 INFO DAGScheduler: waiting: Set()
26/07/03 08:13:09 INFO DAGScheduler: failed: Set()
26/07/03 08:13:09 INFO ShufflePartitionsUtil: For shuffle(8), advisory target size: 67108864, actual target size 1048576, minimum partition size: 1048576
26/07/03 08:13:09 INFO CodeGenerator: Code generated in 2.631209 ms
26/07/03 08:13:09 INFO SparkContext: Starting job: collectAsList at OffsetAnalytics.java:73
26/07/03 08:13:09 INFO DAGScheduler: Got job 16 (collectAsList at OffsetAnalytics.java:73) with 1 output partitions
26/07/03 08:13:09 INFO DAGScheduler: Final stage: ResultStage 31 (collectAsList at OffsetAnalytics.java:73)
26/07/03 08:13:09 INFO DAGScheduler: Parents of final stage: List(ShuffleMapStage 30)
26/07/03 08:13:09 INFO DAGScheduler: Missing parents: List()
26/07/03 08:13:09 INFO DAGScheduler: Submitting ResultStage 31 (MapPartitionsRDD[67] at collectAsList at OffsetAnalytics.java:73), which has no missing parents
26/07/03 08:13:09 INFO MemoryStore: Block broadcast_22 stored as values in memory (estimated size 73.5 KiB, free 433.8 MiB)
26/07/03 08:13:09 INFO MemoryStore: Block broadcast_22_piece0 stored as bytes in memory (estimated size 27.1 KiB, free 433.8 MiB)
26/07/03 08:13:09 INFO BlockManagerInfo: Added broadcast_22_piece0 in memory on 064b77ed9c92:40841 (size: 27.1 KiB, free: 434.3 MiB)
26/07/03 08:13:09 INFO SparkContext: Created broadcast 22 from broadcast at DAGScheduler.scala:1611
26/07/03 08:13:09 INFO DAGScheduler: Submitting 1 missing tasks from ResultStage 31 (MapPartitionsRDD[67] at collectAsList at OffsetAnalytics.java:73) (first 15 tasks are for partitions Vector(0))
26/07/03 08:13:09 INFO TaskSchedulerImpl: Adding task set 31.0 with 1 tasks resource profile 0
26/07/03 08:13:09 INFO TaskSetManager: Starting task 0.0 in stage 31.0 (TID 16) (064b77ed9c92, executor driver, partition 0, NODE_LOCAL, 9198 bytes) 
26/07/03 08:13:09 INFO Executor: Running task 0.0 in stage 31.0 (TID 16)
26/07/03 08:13:09 INFO ShuffleBlockFetcherIterator: Getting 1 (160.0 B) non-empty blocks including 1 (160.0 B) local and 0 (0.0 B) host-local and 0 (0.0 B) push-merged-local and 0 (0.0 B) remote blocks
26/07/03 08:13:09 INFO ShuffleBlockFetcherIterator: Started 0 remote fetches in 0 ms
26/07/03 08:13:09 INFO CodeGenerator: Code generated in 2.411791 ms
26/07/03 08:13:09 INFO CodeGenerator: Code generated in 1.316583 ms
26/07/03 08:13:09 INFO Executor: Finished task 0.0 in stage 31.0 (TID 16). 8984 bytes result sent to driver
26/07/03 08:13:09 INFO BlockManagerInfo: Removed broadcast_20_piece0 on 064b77ed9c92:40841 in memory (size: 28.7 KiB, free: 434.3 MiB)
26/07/03 08:13:09 INFO TaskSetManager: Finished task 0.0 in stage 31.0 (TID 16) in 22 ms on 064b77ed9c92 (executor driver) (1/1)
26/07/03 08:13:09 INFO TaskSchedulerImpl: Removed TaskSet 31.0, whose tasks have all completed, from pool 
26/07/03 08:13:09 INFO DAGScheduler: ResultStage 31 (collectAsList at OffsetAnalytics.java:73) finished in 0.026 s
26/07/03 08:13:09 INFO DAGScheduler: Job 16 is finished. Cancelling potential speculative or zombie tasks for this job
26/07/03 08:13:09 INFO TaskSchedulerImpl: Killing all running tasks in stage 31: Stage finished
26/07/03 08:13:09 INFO DAGScheduler: Job 16 finished: collectAsList at OffsetAnalytics.java:73, took 0.028128 s
26/07/03 08:13:09 INFO BlockManagerInfo: Removed broadcast_19_piece0 on 064b77ed9c92:40841 in memory (size: 27.4 KiB, free: 434.3 MiB)
26/07/03 08:13:09 INFO BlockManagerInfo: Removed broadcast_21_piece0 on 064b77ed9c92:40841 in memory (size: 28.8 KiB, free: 434.3 MiB)
26/07/03 08:13:09 INFO CodeGenerator: Code generated in 8.463167 ms
26/07/03 08:13:09 INFO FileSourceStrategy: Pushed Filters: IsNotNull(cactus__metadata)
26/07/03 08:13:09 INFO FileSourceStrategy: Post-Scan Filters: isnotnull(cactus__metadata#0),isnotnull(from_json(StructField(partition,StringType,true), StructField(offset,StringType,true), StructField(_recon_corrupt_record,StringType,true), (mode,PERMISSIVE), (columnNameOfCorruptRecord,_recon_corrupt_record), cactus__metadata#0, Some(UTC))),isnull(from_json(StructField(partition,StringType,true), StructField(offset,StringType,true), StructField(_recon_corrupt_record,StringType,true), (mode,PERMISSIVE), (columnNameOfCorruptRecord,_recon_corrupt_record), cactus__metadata#0, Some(UTC))._recon_corrupt_record),((isnull(cactus__metadata#0) OR (isnull(from_json(StructField(partition,StringType,true), StructField(offset,StringType,true), StructField(_recon_corrupt_record,StringType,true), (mode,PERMISSIVE), (columnNameOfCorruptRecord,_recon_corrupt_record), cactus__metadata#0, Some(UTC))) OR isnotnull(from_json(StructField(partition,StringType,true), StructField(offset,StringType,true), StructField(_recon_corrupt_record,StringType,true), (mode,PERMISSIVE), (columnNameOfCorruptRecord,_recon_corrupt_record), cactus__metadata#0, Some(UTC))._recon_corrupt_record))) OR isnotnull(trim(from_json(StructField(partition,StringType,true), StructField(offset,StringType,true), StructField(_recon_corrupt_record,StringType,true), (mode,PERMISSIVE), (columnNameOfCorruptRecord,_recon_corrupt_record), cactus__metadata#0, Some(UTC)).partition, None))),((isnull(cactus__metadata#0) OR (isnull(from_json(StructField(partition,StringType,true), StructField(offset,StringType,true), StructField(_recon_corrupt_record,StringType,true), (mode,PERMISSIVE), (columnNameOfCorruptRecord,_recon_corrupt_record), cactus__metadata#0, Some(UTC))) OR isnotnull(from_json(StructField(partition,StringType,true), StructField(offset,StringType,true), StructField(_recon_corrupt_record,StringType,true), (mode,PERMISSIVE), (columnNameOfCorruptRecord,_recon_corrupt_record), cactus__metadata#0, Some(UTC))._recon_corrupt_record))) OR isnotnull(trim(from_json(StructField(partition,StringType,true), StructField(offset,StringType,true), StructField(_recon_corrupt_record,StringType,true), (mode,PERMISSIVE), (columnNameOfCorruptRecord,_recon_corrupt_record), cactus__metadata#0, Some(UTC)).offset, None))),(((isnull(cactus__metadata#0) OR (isnull(from_json(StructField(partition,StringType,true), StructField(offset,StringType,true), StructField(_recon_corrupt_record,StringType,true), (mode,PERMISSIVE), (columnNameOfCorruptRecord,_recon_corrupt_record), cactus__metadata#0, Some(UTC))) OR isnotnull(from_json(StructField(partition,StringType,true), StructField(offset,StringType,true), StructField(_recon_corrupt_record,StringType,true), (mode,PERMISSIVE), (columnNameOfCorruptRecord,_recon_corrupt_record), cactus__metadata#0, Some(UTC))._recon_corrupt_record))) OR isnull(trim(from_json(StructField(partition,StringType,true), StructField(offset,StringType,true), StructField(_recon_corrupt_record,StringType,true), (mode,PERMISSIVE), (columnNameOfCorruptRecord,_recon_corrupt_record), cactus__metadata#0, Some(UTC)).partition, None))) OR NOT CASE WHEN RLIKE(trim(from_json(StructField(partition,StringType,true), StructField(offset,StringType,true), StructField(_recon_corrupt_record,StringType,true), (mode,PERMISSIVE), (columnNameOfCorruptRecord,_recon_corrupt_record), cactus__metadata#0, Some(UTC)).partition, None), ^[0-9]+$) THEN isnull(cast(trim(from_json(StructField(partition,StringType,true), StructField(offset,StringType,true), StructField(_recon_corrupt_record,StringType,true), (mode,PERMISSIVE), (columnNameOfCorruptRecord,_recon_corrupt_record), cactus__metadata#0, Some(UTC)).partition, None) as int)) ELSE true END),(((isnull(cactus__metadata#0) OR (isnull(from_json(StructField(partition,StringType,true), StructField(offset,StringType,true), StructField(_recon_corrupt_record,StringType,true), (mode,PERMISSIVE), (columnNameOfCorruptRecord,_recon_corrupt_record), cactus__metadata#0, Some(UTC))) OR isnotnull(from_json(StructField(partition,StringType,true), StructField(offset,StringType,true), StructField(_recon_corrupt_record,StringType,true), (mode,PERMISSIVE), (columnNameOfCorruptRecord,_recon_corrupt_record), cactus__metadata#0, Some(UTC))._recon_corrupt_record))) OR isnull(trim(from_json(StructField(partition,StringType,true), StructField(offset,StringType,true), StructField(_recon_corrupt_record,StringType,true), (mode,PERMISSIVE), (columnNameOfCorruptRecord,_recon_corrupt_record), cactus__metadata#0, Some(UTC)).offset, None))) OR NOT CASE WHEN RLIKE(trim(from_json(StructField(partition,StringType,true), StructField(offset,StringType,true), StructField(_recon_corrupt_record,StringType,true), (mode,PERMISSIVE), (columnNameOfCorruptRecord,_recon_corrupt_record), cactus__metadata#0, Some(UTC)).offset, None), ^[0-9]+$) THEN isnull(cast(trim(from_json(StructField(partition,StringType,true), StructField(offset,StringType,true), StructField(_recon_corrupt_record,StringType,true), (mode,PERMISSIVE), (columnNameOfCorruptRecord,_recon_corrupt_record), cactus__metadata#0, Some(UTC)).offset, None) as bigint)) ELSE true END)
26/07/03 08:13:09 INFO MemoryStore: Block broadcast_23 stored as values in memory (estimated size 201.4 KiB, free 433.9 MiB)
26/07/03 08:13:09 INFO MemoryStore: Block broadcast_23_piece0 stored as bytes in memory (estimated size 35.1 KiB, free 433.8 MiB)
26/07/03 08:13:09 INFO BlockManagerInfo: Added broadcast_23_piece0 in memory on 064b77ed9c92:40841 (size: 35.1 KiB, free: 434.3 MiB)
26/07/03 08:13:09 INFO SparkContext: Created broadcast 23 from collectAsList at OffsetAnalytics.java:140
26/07/03 08:13:09 INFO FileSourceScanExec: Planning scan with bin packing, max size: 4194304 bytes, open cost is considered as scanning 4194304 bytes.
26/07/03 08:13:09 INFO DAGScheduler: Registering RDD 74 (collectAsList at OffsetAnalytics.java:140) as input to shuffle 9
26/07/03 08:13:09 INFO DAGScheduler: Got map stage job 17 (collectAsList at OffsetAnalytics.java:140) with 1 output partitions
26/07/03 08:13:09 INFO DAGScheduler: Final stage: ShuffleMapStage 32 (collectAsList at OffsetAnalytics.java:140)
26/07/03 08:13:09 INFO DAGScheduler: Parents of final stage: List()
26/07/03 08:13:09 INFO DAGScheduler: Missing parents: List()
26/07/03 08:13:09 INFO DAGScheduler: Submitting ShuffleMapStage 32 (MapPartitionsRDD[74] at collectAsList at OffsetAnalytics.java:140), which has no missing parents
26/07/03 08:13:09 INFO MemoryStore: Block broadcast_24 stored as values in memory (estimated size 64.5 KiB, free 433.8 MiB)
26/07/03 08:13:09 INFO MemoryStore: Block broadcast_24_piece0 stored as bytes in memory (estimated size 23.7 KiB, free 433.8 MiB)
26/07/03 08:13:09 INFO BlockManagerInfo: Added broadcast_24_piece0 in memory on 064b77ed9c92:40841 (size: 23.7 KiB, free: 434.3 MiB)
26/07/03 08:13:09 INFO SparkContext: Created broadcast 24 from broadcast at DAGScheduler.scala:1611
26/07/03 08:13:09 INFO DAGScheduler: Submitting 1 missing tasks from ShuffleMapStage 32 (MapPartitionsRDD[74] at collectAsList at OffsetAnalytics.java:140) (first 15 tasks are for partitions Vector(0))
26/07/03 08:13:09 INFO TaskSchedulerImpl: Adding task set 32.0 with 1 tasks resource profile 0
26/07/03 08:13:09 INFO TaskSetManager: Starting task 0.0 in stage 32.0 (TID 17) (064b77ed9c92, executor driver, partition 0, PROCESS_LOCAL, 9900 bytes) 
26/07/03 08:13:09 INFO Executor: Running task 0.0 in stage 32.0 (TID 17)
26/07/03 08:13:09 INFO FileScanRDD: Reading File path: file:///recon-local/java-fixtures/gap_over_limit/root_a/timestampcolumn=2026-07-01/part-00000-92eb02e7-1b43-4a01-b996-b6e416d8e11e-c000.snappy.parquet, range: 0-900, partition values: [empty row]
26/07/03 08:13:09 INFO FilterCompat: Filtering using predicate: noteq(cactus__metadata, null)
26/07/03 08:13:09 INFO Executor: Finished task 0.0 in stage 32.0 (TID 17). 3042 bytes result sent to driver
26/07/03 08:13:09 INFO TaskSetManager: Finished task 0.0 in stage 32.0 (TID 17) in 13 ms on 064b77ed9c92 (executor driver) (1/1)
26/07/03 08:13:09 INFO TaskSchedulerImpl: Removed TaskSet 32.0, whose tasks have all completed, from pool 
26/07/03 08:13:09 INFO DAGScheduler: ShuffleMapStage 32 (collectAsList at OffsetAnalytics.java:140) finished in 0.015 s
26/07/03 08:13:09 INFO DAGScheduler: looking for newly runnable stages
26/07/03 08:13:09 INFO DAGScheduler: running: Set()
26/07/03 08:13:09 INFO DAGScheduler: waiting: Set()
26/07/03 08:13:09 INFO DAGScheduler: failed: Set()
26/07/03 08:13:09 INFO ShufflePartitionsUtil: For shuffle(9), advisory target size: 67108864, actual target size 1048576, minimum partition size: 1048576
26/07/03 08:13:09 INFO DAGScheduler: Registering RDD 77 (collectAsList at OffsetAnalytics.java:140) as input to shuffle 10
26/07/03 08:13:09 INFO DAGScheduler: Got map stage job 18 (collectAsList at OffsetAnalytics.java:140) with 1 output partitions
26/07/03 08:13:09 INFO DAGScheduler: Final stage: ShuffleMapStage 34 (collectAsList at OffsetAnalytics.java:140)
26/07/03 08:13:09 INFO DAGScheduler: Parents of final stage: List(ShuffleMapStage 33)
26/07/03 08:13:09 INFO DAGScheduler: Missing parents: List()
26/07/03 08:13:09 INFO DAGScheduler: Submitting ShuffleMapStage 34 (MapPartitionsRDD[77] at collectAsList at OffsetAnalytics.java:140), which has no missing parents
26/07/03 08:13:09 INFO MemoryStore: Block broadcast_25 stored as values in memory (estimated size 79.6 KiB, free 433.7 MiB)
26/07/03 08:13:09 INFO MemoryStore: Block broadcast_25_piece0 stored as bytes in memory (estimated size 27.4 KiB, free 433.6 MiB)
26/07/03 08:13:09 INFO BlockManagerInfo: Added broadcast_25_piece0 in memory on 064b77ed9c92:40841 (size: 27.4 KiB, free: 434.3 MiB)
26/07/03 08:13:09 INFO SparkContext: Created broadcast 25 from broadcast at DAGScheduler.scala:1611
26/07/03 08:13:09 INFO DAGScheduler: Submitting 1 missing tasks from ShuffleMapStage 34 (MapPartitionsRDD[77] at collectAsList at OffsetAnalytics.java:140) (first 15 tasks are for partitions Vector(0))
26/07/03 08:13:09 INFO TaskSchedulerImpl: Adding task set 34.0 with 1 tasks resource profile 0
26/07/03 08:13:09 INFO TaskSetManager: Starting task 0.0 in stage 34.0 (TID 18) (064b77ed9c92, executor driver, partition 0, NODE_LOCAL, 9187 bytes) 
26/07/03 08:13:09 INFO Executor: Running task 0.0 in stage 34.0 (TID 18)
26/07/03 08:13:09 INFO ShuffleBlockFetcherIterator: Getting 1 (186.0 B) non-empty blocks including 1 (186.0 B) local and 0 (0.0 B) host-local and 0 (0.0 B) push-merged-local and 0 (0.0 B) remote blocks
26/07/03 08:13:09 INFO ShuffleBlockFetcherIterator: Started 0 remote fetches in 0 ms
26/07/03 08:13:09 INFO Executor: Finished task 0.0 in stage 34.0 (TID 18). 6117 bytes result sent to driver
26/07/03 08:13:09 INFO TaskSetManager: Finished task 0.0 in stage 34.0 (TID 18) in 8 ms on 064b77ed9c92 (executor driver) (1/1)
26/07/03 08:13:09 INFO TaskSchedulerImpl: Removed TaskSet 34.0, whose tasks have all completed, from pool 
26/07/03 08:13:09 INFO DAGScheduler: ShuffleMapStage 34 (collectAsList at OffsetAnalytics.java:140) finished in 0.011 s
26/07/03 08:13:09 INFO DAGScheduler: looking for newly runnable stages
26/07/03 08:13:09 INFO DAGScheduler: running: Set()
26/07/03 08:13:09 INFO DAGScheduler: waiting: Set()
26/07/03 08:13:09 INFO DAGScheduler: failed: Set()
26/07/03 08:13:09 INFO ShufflePartitionsUtil: For shuffle(10), advisory target size: 67108864, actual target size 1048576, minimum partition size: 1048576
26/07/03 08:13:09 INFO HashAggregateExec: spark.sql.codegen.aggregate.map.twolevel.enabled is set to true, but current version of codegened fast hashmap does not support this aggregate.
26/07/03 08:13:09 INFO CodeGenerator: Code generated in 3.677625 ms
26/07/03 08:13:09 INFO SparkContext: Starting job: collectAsList at OffsetAnalytics.java:140
26/07/03 08:13:09 INFO DAGScheduler: Got job 19 (collectAsList at OffsetAnalytics.java:140) with 1 output partitions
26/07/03 08:13:09 INFO DAGScheduler: Final stage: ResultStage 37 (collectAsList at OffsetAnalytics.java:140)
26/07/03 08:13:09 INFO DAGScheduler: Parents of final stage: List(ShuffleMapStage 36)
26/07/03 08:13:09 INFO DAGScheduler: Missing parents: List()
26/07/03 08:13:09 INFO DAGScheduler: Submitting ResultStage 37 (MapPartitionsRDD[82] at collectAsList at OffsetAnalytics.java:140), which has no missing parents
26/07/03 08:13:09 INFO MemoryStore: Block broadcast_26 stored as values in memory (estimated size 76.6 KiB, free 433.6 MiB)
26/07/03 08:13:09 INFO MemoryStore: Block broadcast_26_piece0 stored as bytes in memory (estimated size 27.9 KiB, free 433.5 MiB)
26/07/03 08:13:09 INFO BlockManagerInfo: Added broadcast_26_piece0 in memory on 064b77ed9c92:40841 (size: 27.9 KiB, free: 434.2 MiB)
26/07/03 08:13:09 INFO BlockManagerInfo: Removed broadcast_22_piece0 on 064b77ed9c92:40841 in memory (size: 27.1 KiB, free: 434.3 MiB)
26/07/03 08:13:09 INFO SparkContext: Created broadcast 26 from broadcast at DAGScheduler.scala:1611
26/07/03 08:13:09 INFO DAGScheduler: Submitting 1 missing tasks from ResultStage 37 (MapPartitionsRDD[82] at collectAsList at OffsetAnalytics.java:140) (first 15 tasks are for partitions Vector(0))
26/07/03 08:13:09 INFO TaskSchedulerImpl: Adding task set 37.0 with 1 tasks resource profile 0
26/07/03 08:13:09 INFO TaskSetManager: Starting task 0.0 in stage 37.0 (TID 19) (064b77ed9c92, executor driver, partition 0, NODE_LOCAL, 9198 bytes) 
26/07/03 08:13:09 INFO BlockManagerInfo: Removed broadcast_24_piece0 on 064b77ed9c92:40841 in memory (size: 23.7 KiB, free: 434.3 MiB)
26/07/03 08:13:09 INFO Executor: Running task 0.0 in stage 37.0 (TID 19)
26/07/03 08:13:09 INFO BlockManagerInfo: Removed broadcast_25_piece0 on 064b77ed9c92:40841 in memory (size: 27.4 KiB, free: 434.3 MiB)
26/07/03 08:13:09 INFO ShuffleBlockFetcherIterator: Getting 1 (138.0 B) non-empty blocks including 1 (138.0 B) local and 0 (0.0 B) host-local and 0 (0.0 B) push-merged-local and 0 (0.0 B) remote blocks
26/07/03 08:13:09 INFO ShuffleBlockFetcherIterator: Started 0 remote fetches in 0 ms
26/07/03 08:13:09 INFO CodeGenerator: Code generated in 12.984583 ms
26/07/03 08:13:09 INFO Executor: Finished task 0.0 in stage 37.0 (TID 19). 7594 bytes result sent to driver
26/07/03 08:13:09 INFO TaskSetManager: Finished task 0.0 in stage 37.0 (TID 19) in 22 ms on 064b77ed9c92 (executor driver) (1/1)
26/07/03 08:13:09 INFO TaskSchedulerImpl: Removed TaskSet 37.0, whose tasks have all completed, from pool 
26/07/03 08:13:09 INFO DAGScheduler: ResultStage 37 (collectAsList at OffsetAnalytics.java:140) finished in 0.030 s
26/07/03 08:13:09 INFO DAGScheduler: Job 19 is finished. Cancelling potential speculative or zombie tasks for this job
26/07/03 08:13:09 INFO TaskSchedulerImpl: Killing all running tasks in stage 37: Stage finished
26/07/03 08:13:09 INFO DAGScheduler: Job 19 finished: collectAsList at OffsetAnalytics.java:140, took 0.032022 s
26/07/03 08:13:09 INFO DAGScheduler: Registering RDD 83 (collectAsList at OffsetAnalytics.java:140) as input to shuffle 11
26/07/03 08:13:09 INFO DAGScheduler: Got map stage job 20 (collectAsList at OffsetAnalytics.java:140) with 1 output partitions
26/07/03 08:13:09 INFO DAGScheduler: Final stage: ShuffleMapStage 40 (collectAsList at OffsetAnalytics.java:140)
26/07/03 08:13:09 INFO DAGScheduler: Parents of final stage: List(ShuffleMapStage 39)
26/07/03 08:13:09 INFO DAGScheduler: Missing parents: List()
26/07/03 08:13:09 INFO DAGScheduler: Submitting ShuffleMapStage 40 (MapPartitionsRDD[83] at collectAsList at OffsetAnalytics.java:140), which has no missing parents
26/07/03 08:13:09 INFO MemoryStore: Block broadcast_27 stored as values in memory (estimated size 76.8 KiB, free 433.8 MiB)
26/07/03 08:13:09 INFO MemoryStore: Block broadcast_27_piece0 stored as bytes in memory (estimated size 28.1 KiB, free 433.7 MiB)
26/07/03 08:13:09 INFO BlockManagerInfo: Added broadcast_27_piece0 in memory on 064b77ed9c92:40841 (size: 28.1 KiB, free: 434.3 MiB)
26/07/03 08:13:09 INFO SparkContext: Created broadcast 27 from broadcast at DAGScheduler.scala:1611
26/07/03 08:13:09 INFO DAGScheduler: Submitting 1 missing tasks from ShuffleMapStage 40 (MapPartitionsRDD[83] at collectAsList at OffsetAnalytics.java:140) (first 15 tasks are for partitions Vector(0))
26/07/03 08:13:09 INFO TaskSchedulerImpl: Adding task set 40.0 with 1 tasks resource profile 0
26/07/03 08:13:09 INFO TaskSetManager: Starting task 0.0 in stage 40.0 (TID 20) (064b77ed9c92, executor driver, partition 0, NODE_LOCAL, 9187 bytes) 
26/07/03 08:13:09 INFO Executor: Running task 0.0 in stage 40.0 (TID 20)
26/07/03 08:13:09 INFO ShuffleBlockFetcherIterator: Getting 1 (138.0 B) non-empty blocks including 1 (138.0 B) local and 0 (0.0 B) host-local and 0 (0.0 B) push-merged-local and 0 (0.0 B) remote blocks
26/07/03 08:13:09 INFO ShuffleBlockFetcherIterator: Started 0 remote fetches in 0 ms
26/07/03 08:13:09 INFO Executor: Finished task 0.0 in stage 40.0 (TID 20). 7595 bytes result sent to driver
26/07/03 08:13:09 INFO TaskSetManager: Finished task 0.0 in stage 40.0 (TID 20) in 5 ms on 064b77ed9c92 (executor driver) (1/1)
26/07/03 08:13:09 INFO TaskSchedulerImpl: Removed TaskSet 40.0, whose tasks have all completed, from pool 
26/07/03 08:13:09 INFO DAGScheduler: ShuffleMapStage 40 (collectAsList at OffsetAnalytics.java:140) finished in 0.009 s
26/07/03 08:13:09 INFO DAGScheduler: looking for newly runnable stages
26/07/03 08:13:09 INFO DAGScheduler: running: Set()
26/07/03 08:13:09 INFO DAGScheduler: waiting: Set()
26/07/03 08:13:09 INFO DAGScheduler: failed: Set()
26/07/03 08:13:09 INFO ShufflePartitionsUtil: For shuffle(11), advisory target size: 67108864, actual target size 1048576, minimum partition size: 1048576
26/07/03 08:13:09 INFO SparkContext: Starting job: collectAsList at OffsetAnalytics.java:140
26/07/03 08:13:09 INFO DAGScheduler: Got job 21 (collectAsList at OffsetAnalytics.java:140) with 1 output partitions
26/07/03 08:13:09 INFO DAGScheduler: Final stage: ResultStage 44 (collectAsList at OffsetAnalytics.java:140)
26/07/03 08:13:09 INFO DAGScheduler: Parents of final stage: List(ShuffleMapStage 43)
26/07/03 08:13:09 INFO DAGScheduler: Missing parents: List()
26/07/03 08:13:09 INFO DAGScheduler: Submitting ResultStage 44 (MapPartitionsRDD[85] at collectAsList at OffsetAnalytics.java:140), which has no missing parents
26/07/03 08:13:09 INFO MemoryStore: Block broadcast_28 stored as values in memory (estimated size 8.2 KiB, free 433.7 MiB)
26/07/03 08:13:09 INFO MemoryStore: Block broadcast_28_piece0 stored as bytes in memory (estimated size 4.2 KiB, free 433.7 MiB)
26/07/03 08:13:09 INFO BlockManagerInfo: Added broadcast_28_piece0 in memory on 064b77ed9c92:40841 (size: 4.2 KiB, free: 434.3 MiB)
26/07/03 08:13:09 INFO SparkContext: Created broadcast 28 from broadcast at DAGScheduler.scala:1611
26/07/03 08:13:09 INFO DAGScheduler: Submitting 1 missing tasks from ResultStage 44 (MapPartitionsRDD[85] at collectAsList at OffsetAnalytics.java:140) (first 15 tasks are for partitions Vector(0))
26/07/03 08:13:09 INFO TaskSchedulerImpl: Adding task set 44.0 with 1 tasks resource profile 0
26/07/03 08:13:09 INFO TaskSetManager: Starting task 0.0 in stage 44.0 (TID 21) (064b77ed9c92, executor driver, partition 0, NODE_LOCAL, 9217 bytes) 
26/07/03 08:13:09 INFO Executor: Running task 0.0 in stage 44.0 (TID 21)
26/07/03 08:13:09 INFO ShuffleBlockFetcherIterator: Getting 1 (60.0 B) non-empty blocks including 1 (60.0 B) local and 0 (0.0 B) host-local and 0 (0.0 B) push-merged-local and 0 (0.0 B) remote blocks
26/07/03 08:13:09 INFO ShuffleBlockFetcherIterator: Started 0 remote fetches in 0 ms
26/07/03 08:13:09 INFO Executor: Finished task 0.0 in stage 44.0 (TID 21). 3675 bytes result sent to driver
26/07/03 08:13:09 INFO TaskSetManager: Finished task 0.0 in stage 44.0 (TID 21) in 2 ms on 064b77ed9c92 (executor driver) (1/1)
26/07/03 08:13:09 INFO TaskSchedulerImpl: Removed TaskSet 44.0, whose tasks have all completed, from pool 
26/07/03 08:13:09 INFO DAGScheduler: ResultStage 44 (collectAsList at OffsetAnalytics.java:140) finished in 0.004 s
26/07/03 08:13:09 INFO DAGScheduler: Job 21 is finished. Cancelling potential speculative or zombie tasks for this job
26/07/03 08:13:09 INFO TaskSchedulerImpl: Killing all running tasks in stage 44: Stage finished
26/07/03 08:13:09 INFO DAGScheduler: Job 21 finished: collectAsList at OffsetAnalytics.java:140, took 0.007292 s
26/07/03 08:13:09 INFO CodeGenerator: Code generated in 1.85075 ms
26/07/03 08:13:10 INFO FileSourceStrategy: Pushed Filters: IsNotNull(cactus__metadata)
26/07/03 08:13:10 INFO FileSourceStrategy: Post-Scan Filters: isnotnull(cactus__metadata#0),isnotnull(from_json(StructField(partition,StringType,true), StructField(offset,StringType,true), StructField(_recon_corrupt_record,StringType,true), (mode,PERMISSIVE), (columnNameOfCorruptRecord,_recon_corrupt_record), cactus__metadata#0, Some(UTC))),isnull(from_json(StructField(partition,StringType,true), StructField(offset,StringType,true), StructField(_recon_corrupt_record,StringType,true), (mode,PERMISSIVE), (columnNameOfCorruptRecord,_recon_corrupt_record), cactus__metadata#0, Some(UTC))._recon_corrupt_record),((isnull(cactus__metadata#0) OR (isnull(from_json(StructField(partition,StringType,true), StructField(offset,StringType,true), StructField(_recon_corrupt_record,StringType,true), (mode,PERMISSIVE), (columnNameOfCorruptRecord,_recon_corrupt_record), cactus__metadata#0, Some(UTC))) OR isnotnull(from_json(StructField(partition,StringType,true), StructField(offset,StringType,true), StructField(_recon_corrupt_record,StringType,true), (mode,PERMISSIVE), (columnNameOfCorruptRecord,_recon_corrupt_record), cactus__metadata#0, Some(UTC))._recon_corrupt_record))) OR isnotnull(trim(from_json(StructField(partition,StringType,true), StructField(offset,StringType,true), StructField(_recon_corrupt_record,StringType,true), (mode,PERMISSIVE), (columnNameOfCorruptRecord,_recon_corrupt_record), cactus__metadata#0, Some(UTC)).partition, None))),((isnull(cactus__metadata#0) OR (isnull(from_json(StructField(partition,StringType,true), StructField(offset,StringType,true), StructField(_recon_corrupt_record,StringType,true), (mode,PERMISSIVE), (columnNameOfCorruptRecord,_recon_corrupt_record), cactus__metadata#0, Some(UTC))) OR isnotnull(from_json(StructField(partition,StringType,true), StructField(offset,StringType,true), StructField(_recon_corrupt_record,StringType,true), (mode,PERMISSIVE), (columnNameOfCorruptRecord,_recon_corrupt_record), cactus__metadata#0, Some(UTC))._recon_corrupt_record))) OR isnotnull(trim(from_json(StructField(partition,StringType,true), StructField(offset,StringType,true), StructField(_recon_corrupt_record,StringType,true), (mode,PERMISSIVE), (columnNameOfCorruptRecord,_recon_corrupt_record), cactus__metadata#0, Some(UTC)).offset, None))),(((isnull(cactus__metadata#0) OR (isnull(from_json(StructField(partition,StringType,true), StructField(offset,StringType,true), StructField(_recon_corrupt_record,StringType,true), (mode,PERMISSIVE), (columnNameOfCorruptRecord,_recon_corrupt_record), cactus__metadata#0, Some(UTC))) OR isnotnull(from_json(StructField(partition,StringType,true), StructField(offset,StringType,true), StructField(_recon_corrupt_record,StringType,true), (mode,PERMISSIVE), (columnNameOfCorruptRecord,_recon_corrupt_record), cactus__metadata#0, Some(UTC))._recon_corrupt_record))) OR isnull(trim(from_json(StructField(partition,StringType,true), StructField(offset,StringType,true), StructField(_recon_corrupt_record,StringType,true), (mode,PERMISSIVE), (columnNameOfCorruptRecord,_recon_corrupt_record), cactus__metadata#0, Some(UTC)).partition, None))) OR NOT CASE WHEN RLIKE(trim(from_json(StructField(partition,StringType,true), StructField(offset,StringType,true), StructField(_recon_corrupt_record,StringType,true), (mode,PERMISSIVE), (columnNameOfCorruptRecord,_recon_corrupt_record), cactus__metadata#0, Some(UTC)).partition, None), ^[0-9]+$) THEN isnull(cast(trim(from_json(StructField(partition,StringType,true), StructField(offset,StringType,true), StructField(_recon_corrupt_record,StringType,true), (mode,PERMISSIVE), (columnNameOfCorruptRecord,_recon_corrupt_record), cactus__metadata#0, Some(UTC)).partition, None) as int)) ELSE true END),(((isnull(cactus__metadata#0) OR (isnull(from_json(StructField(partition,StringType,true), StructField(offset,StringType,true), StructField(_recon_corrupt_record,StringType,true), (mode,PERMISSIVE), (columnNameOfCorruptRecord,_recon_corrupt_record), cactus__metadata#0, Some(UTC))) OR isnotnull(from_json(StructField(partition,StringType,true), StructField(offset,StringType,true), StructField(_recon_corrupt_record,StringType,true), (mode,PERMISSIVE), (columnNameOfCorruptRecord,_recon_corrupt_record), cactus__metadata#0, Some(UTC))._recon_corrupt_record))) OR isnull(trim(from_json(StructField(partition,StringType,true), StructField(offset,StringType,true), StructField(_recon_corrupt_record,StringType,true), (mode,PERMISSIVE), (columnNameOfCorruptRecord,_recon_corrupt_record), cactus__metadata#0, Some(UTC)).offset, None))) OR NOT CASE WHEN RLIKE(trim(from_json(StructField(partition,StringType,true), StructField(offset,StringType,true), StructField(_recon_corrupt_record,StringType,true), (mode,PERMISSIVE), (columnNameOfCorruptRecord,_recon_corrupt_record), cactus__metadata#0, Some(UTC)).offset, None), ^[0-9]+$) THEN isnull(cast(trim(from_json(StructField(partition,StringType,true), StructField(offset,StringType,true), StructField(_recon_corrupt_record,StringType,true), (mode,PERMISSIVE), (columnNameOfCorruptRecord,_recon_corrupt_record), cactus__metadata#0, Some(UTC)).offset, None) as bigint)) ELSE true END)
26/07/03 08:13:10 INFO MemoryStore: Block broadcast_29 stored as values in memory (estimated size 201.4 KiB, free 433.5 MiB)
26/07/03 08:13:10 INFO BlockManagerInfo: Removed broadcast_28_piece0 on 064b77ed9c92:40841 in memory (size: 4.2 KiB, free: 434.3 MiB)
26/07/03 08:13:10 INFO MemoryStore: Block broadcast_29_piece0 stored as bytes in memory (estimated size 35.1 KiB, free 433.5 MiB)
26/07/03 08:13:10 INFO BlockManagerInfo: Added broadcast_29_piece0 in memory on 064b77ed9c92:40841 (size: 35.1 KiB, free: 434.2 MiB)
26/07/03 08:13:10 INFO SparkContext: Created broadcast 29 from collectAsList at OffsetAnalytics.java:167
26/07/03 08:13:10 INFO BlockManagerInfo: Removed broadcast_26_piece0 on 064b77ed9c92:40841 in memory (size: 27.9 KiB, free: 434.3 MiB)
26/07/03 08:13:10 INFO FileSourceScanExec: Planning scan with bin packing, max size: 4194304 bytes, open cost is considered as scanning 4194304 bytes.
26/07/03 08:13:10 INFO BlockManagerInfo: Removed broadcast_27_piece0 on 064b77ed9c92:40841 in memory (size: 28.1 KiB, free: 434.3 MiB)
26/07/03 08:13:10 INFO BlockManagerInfo: Removed broadcast_23_piece0 on 064b77ed9c92:40841 in memory (size: 35.1 KiB, free: 434.3 MiB)
26/07/03 08:13:10 INFO DAGScheduler: Registering RDD 92 (collectAsList at OffsetAnalytics.java:167) as input to shuffle 12
26/07/03 08:13:10 INFO DAGScheduler: Got map stage job 22 (collectAsList at OffsetAnalytics.java:167) with 1 output partitions
26/07/03 08:13:10 INFO DAGScheduler: Final stage: ShuffleMapStage 45 (collectAsList at OffsetAnalytics.java:167)
26/07/03 08:13:10 INFO DAGScheduler: Parents of final stage: List()
26/07/03 08:13:10 INFO DAGScheduler: Missing parents: List()
26/07/03 08:13:10 INFO DAGScheduler: Submitting ShuffleMapStage 45 (MapPartitionsRDD[92] at collectAsList at OffsetAnalytics.java:167), which has no missing parents
26/07/03 08:13:10 INFO MemoryStore: Block broadcast_30 stored as values in memory (estimated size 64.5 KiB, free 433.9 MiB)
26/07/03 08:13:10 INFO MemoryStore: Block broadcast_30_piece0 stored as bytes in memory (estimated size 23.7 KiB, free 433.9 MiB)
26/07/03 08:13:10 INFO BlockManagerInfo: Added broadcast_30_piece0 in memory on 064b77ed9c92:40841 (size: 23.7 KiB, free: 434.3 MiB)
26/07/03 08:13:10 INFO SparkContext: Created broadcast 30 from broadcast at DAGScheduler.scala:1611
26/07/03 08:13:10 INFO DAGScheduler: Submitting 1 missing tasks from ShuffleMapStage 45 (MapPartitionsRDD[92] at collectAsList at OffsetAnalytics.java:167) (first 15 tasks are for partitions Vector(0))
26/07/03 08:13:10 INFO TaskSchedulerImpl: Adding task set 45.0 with 1 tasks resource profile 0
26/07/03 08:13:10 INFO TaskSetManager: Starting task 0.0 in stage 45.0 (TID 22) (064b77ed9c92, executor driver, partition 0, PROCESS_LOCAL, 9900 bytes) 
26/07/03 08:13:10 INFO Executor: Running task 0.0 in stage 45.0 (TID 22)
26/07/03 08:13:10 INFO FileScanRDD: Reading File path: file:///recon-local/java-fixtures/gap_over_limit/root_a/timestampcolumn=2026-07-01/part-00000-92eb02e7-1b43-4a01-b996-b6e416d8e11e-c000.snappy.parquet, range: 0-900, partition values: [empty row]
26/07/03 08:13:10 INFO FilterCompat: Filtering using predicate: noteq(cactus__metadata, null)
26/07/03 08:13:10 INFO Executor: Finished task 0.0 in stage 45.0 (TID 22). 3042 bytes result sent to driver
26/07/03 08:13:10 INFO TaskSetManager: Finished task 0.0 in stage 45.0 (TID 22) in 13 ms on 064b77ed9c92 (executor driver) (1/1)
26/07/03 08:13:10 INFO TaskSchedulerImpl: Removed TaskSet 45.0, whose tasks have all completed, from pool 
26/07/03 08:13:10 INFO DAGScheduler: ShuffleMapStage 45 (collectAsList at OffsetAnalytics.java:167) finished in 0.016 s
26/07/03 08:13:10 INFO DAGScheduler: looking for newly runnable stages
26/07/03 08:13:10 INFO DAGScheduler: running: Set()
26/07/03 08:13:10 INFO DAGScheduler: waiting: Set()
26/07/03 08:13:10 INFO DAGScheduler: failed: Set()
26/07/03 08:13:10 INFO ShufflePartitionsUtil: For shuffle(12), advisory target size: 67108864, actual target size 1048576, minimum partition size: 1048576
26/07/03 08:13:10 INFO CodeGenerator: Code generated in 5.877666 ms
26/07/03 08:13:10 INFO DAGScheduler: Registering RDD 95 (collectAsList at OffsetAnalytics.java:167) as input to shuffle 13
26/07/03 08:13:10 INFO DAGScheduler: Got map stage job 23 (collectAsList at OffsetAnalytics.java:167) with 1 output partitions
26/07/03 08:13:10 INFO DAGScheduler: Final stage: ShuffleMapStage 47 (collectAsList at OffsetAnalytics.java:167)
26/07/03 08:13:10 INFO DAGScheduler: Parents of final stage: List(ShuffleMapStage 46)
26/07/03 08:13:10 INFO DAGScheduler: Missing parents: List()
26/07/03 08:13:10 INFO DAGScheduler: Submitting ShuffleMapStage 47 (MapPartitionsRDD[95] at collectAsList at OffsetAnalytics.java:167), which has no missing parents
26/07/03 08:13:10 INFO MemoryStore: Block broadcast_31 stored as values in memory (estimated size 63.4 KiB, free 433.8 MiB)
26/07/03 08:13:10 INFO MemoryStore: Block broadcast_31_piece0 stored as bytes in memory (estimated size 23.3 KiB, free 433.8 MiB)
26/07/03 08:13:10 INFO BlockManagerInfo: Added broadcast_31_piece0 in memory on 064b77ed9c92:40841 (size: 23.3 KiB, free: 434.3 MiB)
26/07/03 08:13:10 INFO SparkContext: Created broadcast 31 from broadcast at DAGScheduler.scala:1611
26/07/03 08:13:10 INFO DAGScheduler: Submitting 1 missing tasks from ShuffleMapStage 47 (MapPartitionsRDD[95] at collectAsList at OffsetAnalytics.java:167) (first 15 tasks are for partitions Vector(0))
26/07/03 08:13:10 INFO TaskSchedulerImpl: Adding task set 47.0 with 1 tasks resource profile 0
26/07/03 08:13:10 INFO TaskSetManager: Starting task 0.0 in stage 47.0 (TID 23) (064b77ed9c92, executor driver, partition 0, NODE_LOCAL, 9187 bytes) 
26/07/03 08:13:10 INFO Executor: Running task 0.0 in stage 47.0 (TID 23)
26/07/03 08:13:10 INFO ShuffleBlockFetcherIterator: Getting 1 (186.0 B) non-empty blocks including 1 (186.0 B) local and 0 (0.0 B) host-local and 0 (0.0 B) push-merged-local and 0 (0.0 B) remote blocks
26/07/03 08:13:10 INFO ShuffleBlockFetcherIterator: Started 0 remote fetches in 0 ms
26/07/03 08:13:10 INFO CodeGenerator: Code generated in 4.491084 ms
26/07/03 08:13:10 INFO Executor: Finished task 0.0 in stage 47.0 (TID 23). 5781 bytes result sent to driver
26/07/03 08:13:10 INFO TaskSetManager: Finished task 0.0 in stage 47.0 (TID 23) in 12 ms on 064b77ed9c92 (executor driver) (1/1)
26/07/03 08:13:10 INFO TaskSchedulerImpl: Removed TaskSet 47.0, whose tasks have all completed, from pool 
26/07/03 08:13:10 INFO DAGScheduler: ShuffleMapStage 47 (collectAsList at OffsetAnalytics.java:167) finished in 0.014 s
26/07/03 08:13:10 INFO DAGScheduler: looking for newly runnable stages
26/07/03 08:13:10 INFO DAGScheduler: running: Set()
26/07/03 08:13:10 INFO DAGScheduler: waiting: Set()
26/07/03 08:13:10 INFO DAGScheduler: failed: Set()
26/07/03 08:13:10 INFO ShufflePartitionsUtil: For shuffle(13), advisory target size: 67108864, actual target size 1048576, minimum partition size: 1048576
26/07/03 08:13:10 INFO CodeGenerator: Code generated in 3.869667 ms
26/07/03 08:13:10 INFO CodeGenerator: Code generated in 2.650791 ms
26/07/03 08:13:10 INFO CodeGenerator: Code generated in 2.257709 ms
26/07/03 08:13:10 INFO CodeGenerator: Code generated in 1.4795 ms
26/07/03 08:13:10 INFO SparkContext: Starting job: collectAsList at OffsetAnalytics.java:167
26/07/03 08:13:10 INFO DAGScheduler: Got job 24 (collectAsList at OffsetAnalytics.java:167) with 1 output partitions
26/07/03 08:13:10 INFO DAGScheduler: Final stage: ResultStage 50 (collectAsList at OffsetAnalytics.java:167)
26/07/03 08:13:10 INFO DAGScheduler: Parents of final stage: List(ShuffleMapStage 49)
26/07/03 08:13:10 INFO DAGScheduler: Missing parents: List()
26/07/03 08:13:10 INFO DAGScheduler: Submitting ResultStage 50 (MapPartitionsRDD[104] at collectAsList at OffsetAnalytics.java:167), which has no missing parents
26/07/03 08:13:10 INFO MemoryStore: Block broadcast_32 stored as values in memory (estimated size 80.0 KiB, free 433.7 MiB)
26/07/03 08:13:10 INFO MemoryStore: Block broadcast_32_piece0 stored as bytes in memory (estimated size 30.2 KiB, free 433.7 MiB)
26/07/03 08:13:10 INFO BlockManagerInfo: Added broadcast_32_piece0 in memory on 064b77ed9c92:40841 (size: 30.2 KiB, free: 434.3 MiB)
26/07/03 08:13:10 INFO SparkContext: Created broadcast 32 from broadcast at DAGScheduler.scala:1611
26/07/03 08:13:10 INFO DAGScheduler: Submitting 1 missing tasks from ResultStage 50 (MapPartitionsRDD[104] at collectAsList at OffsetAnalytics.java:167) (first 15 tasks are for partitions Vector(0))
26/07/03 08:13:10 INFO TaskSchedulerImpl: Adding task set 50.0 with 1 tasks resource profile 0
26/07/03 08:13:10 INFO TaskSetManager: Starting task 0.0 in stage 50.0 (TID 24) (064b77ed9c92, executor driver, partition 0, NODE_LOCAL, 9198 bytes) 
26/07/03 08:13:10 INFO Executor: Running task 0.0 in stage 50.0 (TID 24)
26/07/03 08:13:10 INFO ShuffleBlockFetcherIterator: Getting 1 (132.0 B) non-empty blocks including 1 (132.0 B) local and 0 (0.0 B) host-local and 0 (0.0 B) push-merged-local and 0 (0.0 B) remote blocks
26/07/03 08:13:10 INFO ShuffleBlockFetcherIterator: Started 0 remote fetches in 0 ms
26/07/03 08:13:10 INFO CodeGenerator: Code generated in 2.372666 ms
26/07/03 08:13:10 INFO CodeGenerator: Code generated in 1.325 ms
26/07/03 08:13:10 INFO CodeGenerator: Code generated in 1.255916 ms
26/07/03 08:13:10 INFO BlockManagerInfo: Removed broadcast_31_piece0 on 064b77ed9c92:40841 in memory (size: 23.3 KiB, free: 434.3 MiB)
26/07/03 08:13:10 INFO BlockManagerInfo: Removed broadcast_30_piece0 on 064b77ed9c92:40841 in memory (size: 23.7 KiB, free: 434.3 MiB)
26/07/03 08:13:10 INFO CodeGenerator: Code generated in 1.791 ms
26/07/03 08:13:10 INFO CodeGenerator: Code generated in 7.204333 ms
26/07/03 08:13:10 INFO CodeGenerator: Code generated in 1.205833 ms
26/07/03 08:13:10 INFO CodeGenerator: Code generated in 2.547291 ms
26/07/03 08:13:10 INFO CodeGenerator: Code generated in 1.142542 ms
26/07/03 08:13:10 INFO CodeGenerator: Code generated in 1.290292 ms
26/07/03 08:13:10 INFO CodeGenerator: Code generated in 1.401167 ms
26/07/03 08:13:10 INFO CodeGenerator: Code generated in 0.875333 ms
26/07/03 08:13:10 INFO CodeGenerator: Code generated in 2.714625 ms
26/07/03 08:13:10 INFO CodeGenerator: Code generated in 0.914334 ms
26/07/03 08:13:10 INFO Executor: Finished task 0.0 in stage 50.0 (TID 24). 7699 bytes result sent to driver
26/07/03 08:13:10 INFO TaskSetManager: Finished task 0.0 in stage 50.0 (TID 24) in 58 ms on 064b77ed9c92 (executor driver) (1/1)
26/07/03 08:13:10 INFO TaskSchedulerImpl: Removed TaskSet 50.0, whose tasks have all completed, from pool 
26/07/03 08:13:10 INFO DAGScheduler: ResultStage 50 (collectAsList at OffsetAnalytics.java:167) finished in 0.061 s
26/07/03 08:13:10 INFO DAGScheduler: Job 24 is finished. Cancelling potential speculative or zombie tasks for this job
26/07/03 08:13:10 INFO TaskSchedulerImpl: Killing all running tasks in stage 50: Stage finished
26/07/03 08:13:10 INFO DAGScheduler: Job 24 finished: collectAsList at OffsetAnalytics.java:167, took 0.063886 s
26/07/03 08:13:10 INFO DAGScheduler: Registering RDD 105 (collectAsList at OffsetAnalytics.java:167) as input to shuffle 14
26/07/03 08:13:10 INFO DAGScheduler: Got map stage job 25 (collectAsList at OffsetAnalytics.java:167) with 1 output partitions
26/07/03 08:13:10 INFO DAGScheduler: Final stage: ShuffleMapStage 53 (collectAsList at OffsetAnalytics.java:167)
26/07/03 08:13:10 INFO DAGScheduler: Parents of final stage: List(ShuffleMapStage 52)
26/07/03 08:13:10 INFO DAGScheduler: Missing parents: List()
26/07/03 08:13:10 INFO DAGScheduler: Submitting ShuffleMapStage 53 (MapPartitionsRDD[105] at collectAsList at OffsetAnalytics.java:167), which has no missing parents
26/07/03 08:13:10 INFO MemoryStore: Block broadcast_33 stored as values in memory (estimated size 80.6 KiB, free 433.8 MiB)
26/07/03 08:13:10 INFO MemoryStore: Block broadcast_33_piece0 stored as bytes in memory (estimated size 30.7 KiB, free 433.7 MiB)
26/07/03 08:13:10 INFO BlockManagerInfo: Added broadcast_33_piece0 in memory on 064b77ed9c92:40841 (size: 30.7 KiB, free: 434.3 MiB)
26/07/03 08:13:10 INFO SparkContext: Created broadcast 33 from broadcast at DAGScheduler.scala:1611
26/07/03 08:13:10 INFO DAGScheduler: Submitting 1 missing tasks from ShuffleMapStage 53 (MapPartitionsRDD[105] at collectAsList at OffsetAnalytics.java:167) (first 15 tasks are for partitions Vector(0))
26/07/03 08:13:10 INFO TaskSchedulerImpl: Adding task set 53.0 with 1 tasks resource profile 0
26/07/03 08:13:10 INFO TaskSetManager: Starting task 0.0 in stage 53.0 (TID 25) (064b77ed9c92, executor driver, partition 0, NODE_LOCAL, 9187 bytes) 
26/07/03 08:13:10 INFO Executor: Running task 0.0 in stage 53.0 (TID 25)
26/07/03 08:13:10 INFO CodeGenerator: Code generated in 1.40925 ms
26/07/03 08:13:10 INFO ShuffleBlockFetcherIterator: Getting 1 (132.0 B) non-empty blocks including 1 (132.0 B) local and 0 (0.0 B) host-local and 0 (0.0 B) push-merged-local and 0 (0.0 B) remote blocks
26/07/03 08:13:10 INFO ShuffleBlockFetcherIterator: Started 0 remote fetches in 0 ms
26/07/03 08:13:10 INFO Executor: Finished task 0.0 in stage 53.0 (TID 25). 7609 bytes result sent to driver
26/07/03 08:13:10 INFO TaskSetManager: Finished task 0.0 in stage 53.0 (TID 25) in 10 ms on 064b77ed9c92 (executor driver) (1/1)
26/07/03 08:13:10 INFO TaskSchedulerImpl: Removed TaskSet 53.0, whose tasks have all completed, from pool 
26/07/03 08:13:10 INFO DAGScheduler: ShuffleMapStage 53 (collectAsList at OffsetAnalytics.java:167) finished in 0.014 s
26/07/03 08:13:10 INFO DAGScheduler: looking for newly runnable stages
26/07/03 08:13:10 INFO DAGScheduler: running: Set()
26/07/03 08:13:10 INFO DAGScheduler: waiting: Set()
26/07/03 08:13:10 INFO DAGScheduler: failed: Set()
26/07/03 08:13:10 INFO ShufflePartitionsUtil: For shuffle(14), advisory target size: 67108864, actual target size 1048576, minimum partition size: 1048576
26/07/03 08:13:10 INFO CodeGenerator: Code generated in 2.027625 ms
26/07/03 08:13:10 INFO SparkContext: Starting job: collectAsList at OffsetAnalytics.java:167
26/07/03 08:13:10 INFO DAGScheduler: Got job 26 (collectAsList at OffsetAnalytics.java:167) with 1 output partitions
26/07/03 08:13:10 INFO DAGScheduler: Final stage: ResultStage 57 (collectAsList at OffsetAnalytics.java:167)
26/07/03 08:13:10 INFO DAGScheduler: Parents of final stage: List(ShuffleMapStage 56)
26/07/03 08:13:10 INFO DAGScheduler: Missing parents: List()
26/07/03 08:13:10 INFO DAGScheduler: Submitting ResultStage 57 (MapPartitionsRDD[108] at collectAsList at OffsetAnalytics.java:167), which has no missing parents
26/07/03 08:13:10 INFO MemoryStore: Block broadcast_34 stored as values in memory (estimated size 76.2 KiB, free 433.6 MiB)
26/07/03 08:13:10 INFO MemoryStore: Block broadcast_34_piece0 stored as bytes in memory (estimated size 28.4 KiB, free 433.6 MiB)
26/07/03 08:13:10 INFO BlockManagerInfo: Added broadcast_34_piece0 in memory on 064b77ed9c92:40841 (size: 28.4 KiB, free: 434.2 MiB)
26/07/03 08:13:10 INFO SparkContext: Created broadcast 34 from broadcast at DAGScheduler.scala:1611
26/07/03 08:13:10 INFO DAGScheduler: Submitting 1 missing tasks from ResultStage 57 (MapPartitionsRDD[108] at collectAsList at OffsetAnalytics.java:167) (first 15 tasks are for partitions Vector(0))
26/07/03 08:13:10 INFO TaskSchedulerImpl: Adding task set 57.0 with 1 tasks resource profile 0
26/07/03 08:13:10 INFO TaskSetManager: Starting task 0.0 in stage 57.0 (TID 26) (064b77ed9c92, executor driver, partition 0, NODE_LOCAL, 9198 bytes) 
26/07/03 08:13:10 INFO Executor: Running task 0.0 in stage 57.0 (TID 26)
26/07/03 08:13:10 INFO ShuffleBlockFetcherIterator: Getting 1 (120.0 B) non-empty blocks including 1 (120.0 B) local and 0 (0.0 B) host-local and 0 (0.0 B) push-merged-local and 0 (0.0 B) remote blocks
26/07/03 08:13:10 INFO ShuffleBlockFetcherIterator: Started 0 remote fetches in 0 ms
26/07/03 08:13:10 INFO CodeGenerator: Code generated in 2.1215 ms
26/07/03 08:13:10 INFO Executor: Finished task 0.0 in stage 57.0 (TID 26). 8927 bytes result sent to driver
26/07/03 08:13:10 INFO TaskSetManager: Finished task 0.0 in stage 57.0 (TID 26) in 7 ms on 064b77ed9c92 (executor driver) (1/1)
26/07/03 08:13:10 INFO TaskSchedulerImpl: Removed TaskSet 57.0, whose tasks have all completed, from pool 
26/07/03 08:13:10 INFO DAGScheduler: ResultStage 57 (collectAsList at OffsetAnalytics.java:167) finished in 0.010 s
26/07/03 08:13:10 INFO DAGScheduler: Job 26 is finished. Cancelling potential speculative or zombie tasks for this job
26/07/03 08:13:10 INFO TaskSchedulerImpl: Killing all running tasks in stage 57: Stage finished
26/07/03 08:13:10 INFO DAGScheduler: Job 26 finished: collectAsList at OffsetAnalytics.java:167, took 0.010688 s
26/07/03 08:13:10 INFO CodeGenerator: Code generated in 1.594 ms
[recon] ERROR: offset gaps detected: gap_partition_count=1
26/07/03 08:13:10 INFO SparkContext: SparkContext is stopping with exitCode 0.
26/07/03 08:13:10 INFO SparkUI: Stopped Spark web UI at http://064b77ed9c92:4040
26/07/03 08:13:10 INFO MapOutputTrackerMasterEndpoint: MapOutputTrackerMasterEndpoint stopped!
26/07/03 08:13:10 INFO MemoryStore: MemoryStore cleared
26/07/03 08:13:10 INFO BlockManager: BlockManager stopped
26/07/03 08:13:10 INFO BlockManagerMaster: BlockManagerMaster stopped
26/07/03 08:13:10 INFO OutputCommitCoordinator$OutputCommitCoordinatorEndpoint: OutputCommitCoordinator stopped!
26/07/03 08:13:10 INFO SparkContext: Successfully stopped SparkContext
26/07/03 08:13:10 INFO ShutdownHookManager: Shutdown hook called
26/07/03 08:13:10 INFO ShutdownHookManager: Deleting directory /tmp/spark-7e172fd0-5f70-4623-8a8c-d7e759a3e56c
26/07/03 08:13:10 INFO ShutdownHookManager: Deleting directory /tmp/spark-3d5b9d6a-2d4a-4289-95fe-836335da1397
