26/07/03 08:12:52 INFO SparkContext: Running Spark version 3.5.6
26/07/03 08:12:52 INFO SparkContext: OS info Linux, 6.12.76-linuxkit, aarch64
26/07/03 08:12:52 INFO SparkContext: Java version 11.0.27
26/07/03 08:12:52 WARN NativeCodeLoader: Unable to load native-hadoop library for your platform... using builtin-java classes where applicable
26/07/03 08:12:52 INFO ResourceUtils: ==============================================================
26/07/03 08:12:52 INFO ResourceUtils: No custom resources configured for spark.driver.
26/07/03 08:12:52 INFO ResourceUtils: ==============================================================
26/07/03 08:12:52 INFO SparkContext: Submitted application: Kafka Offset Gap Checker
26/07/03 08:12:52 INFO ResourceProfile: Default ResourceProfile created, executor resources: Map(cores -> name: cores, amount: 1, script: , vendor: , memory -> name: memory, amount: 1024, script: , vendor: , offHeap -> name: offHeap, amount: 0, script: , vendor: ), task resources: Map(cpus -> name: cpus, amount: 1.0)
26/07/03 08:12:52 INFO ResourceProfile: Limiting resource is cpu
26/07/03 08:12:52 INFO ResourceProfileManager: Added ResourceProfile id: 0
26/07/03 08:12:52 INFO SecurityManager: Changing view acls to: spark
26/07/03 08:12:52 INFO SecurityManager: Changing modify acls to: spark
26/07/03 08:12:52 INFO SecurityManager: Changing view acls groups to: 
26/07/03 08:12:52 INFO SecurityManager: Changing modify acls groups to: 
26/07/03 08:12:52 INFO SecurityManager: SecurityManager: authentication disabled; ui acls disabled; users with view permissions: spark; groups with view permissions: EMPTY; users with modify permissions: spark; groups with modify permissions: EMPTY
26/07/03 08:12:53 INFO Utils: Successfully started service 'sparkDriver' on port 40689.
26/07/03 08:12:53 INFO SparkEnv: Registering MapOutputTracker
26/07/03 08:12:53 INFO SparkEnv: Registering BlockManagerMaster
26/07/03 08:12:53 INFO BlockManagerMasterEndpoint: Using org.apache.spark.storage.DefaultTopologyMapper for getting topology information
26/07/03 08:12:53 INFO BlockManagerMasterEndpoint: BlockManagerMasterEndpoint up
26/07/03 08:12:53 INFO SparkEnv: Registering BlockManagerMasterHeartbeat
26/07/03 08:12:53 INFO DiskBlockManager: Created local directory at /tmp/blockmgr-4a14a75d-48d2-499f-86bc-1dc3dc060e1f
26/07/03 08:12:53 INFO MemoryStore: MemoryStore started with capacity 434.4 MiB
26/07/03 08:12:53 INFO SparkEnv: Registering OutputCommitCoordinator
26/07/03 08:12:53 INFO JettyUtils: Start Jetty 0.0.0.0:4040 for SparkUI
26/07/03 08:12:53 INFO Utils: Successfully started service 'SparkUI' on port 4040.
26/07/03 08:12:53 INFO SparkContext: Added JAR file:/workspace/build/libs/recon-kafka-offset-gap-checker-1.0.0.jar at spark://064b77ed9c92:40689/jars/recon-kafka-offset-gap-checker-1.0.0.jar with timestamp 1783066372911
26/07/03 08:12:53 INFO Executor: Starting executor ID driver on host 064b77ed9c92
26/07/03 08:12:53 INFO Executor: OS info Linux, 6.12.76-linuxkit, aarch64
26/07/03 08:12:53 INFO Executor: Java version 11.0.27
26/07/03 08:12:53 INFO Executor: Starting executor with user classpath (userClassPathFirst = false): ''
26/07/03 08:12:53 INFO Executor: Created or updated repl class loader org.apache.spark.util.MutableURLClassLoader@7d247660 for default.
26/07/03 08:12:53 INFO Executor: Fetching spark://064b77ed9c92:40689/jars/recon-kafka-offset-gap-checker-1.0.0.jar with timestamp 1783066372911
26/07/03 08:12:53 INFO TransportClientFactory: Successfully created connection to 064b77ed9c92/172.17.0.2:40689 after 10 ms (0 ms spent in bootstraps)
26/07/03 08:12:53 INFO Utils: Fetching spark://064b77ed9c92:40689/jars/recon-kafka-offset-gap-checker-1.0.0.jar to /tmp/spark-c7289b37-37f0-441e-8dc0-3050f867b8e9/userFiles-86d90bd2-20bd-4f5f-af39-8e60061aa90a/fetchFileTemp13435272821786560645.tmp
26/07/03 08:12:53 INFO Executor: Adding file:/tmp/spark-c7289b37-37f0-441e-8dc0-3050f867b8e9/userFiles-86d90bd2-20bd-4f5f-af39-8e60061aa90a/recon-kafka-offset-gap-checker-1.0.0.jar to class loader default
26/07/03 08:12:53 INFO Utils: Successfully started service 'org.apache.spark.network.netty.NettyBlockTransferService' on port 36305.
26/07/03 08:12:53 INFO NettyBlockTransferService: Server created on 064b77ed9c92:36305
26/07/03 08:12:53 INFO BlockManager: Using org.apache.spark.storage.RandomBlockReplicationPolicy for block replication policy
26/07/03 08:12:53 INFO BlockManagerMaster: Registering BlockManager BlockManagerId(driver, 064b77ed9c92, 36305, None)
26/07/03 08:12:53 INFO BlockManagerMasterEndpoint: Registering block manager 064b77ed9c92:36305 with 434.4 MiB RAM, BlockManagerId(driver, 064b77ed9c92, 36305, None)
26/07/03 08:12:53 INFO BlockManagerMaster: Registered BlockManager BlockManagerId(driver, 064b77ed9c92, 36305, None)
26/07/03 08:12:53 INFO BlockManager: Initialized BlockManager: BlockManagerId(driver, 064b77ed9c92, 36305, None)
26/07/03 08:12:53 INFO SharedState: Setting hive.metastore.warehouse.dir ('null') to the value of spark.sql.warehouse.dir.
26/07/03 08:12:53 INFO SharedState: Warehouse path is 'file:/workspace/spark-warehouse'.
26/07/03 08:12:53 INFO InMemoryFileIndex: It took 17 ms to list leaf files for 2 paths.
26/07/03 08:12:53 INFO SparkContext: Starting job: parquet at MetadataNormalizer.java:40
26/07/03 08:12:53 INFO DAGScheduler: Got job 0 (parquet at MetadataNormalizer.java:40) with 1 output partitions
26/07/03 08:12:53 INFO DAGScheduler: Final stage: ResultStage 0 (parquet at MetadataNormalizer.java:40)
26/07/03 08:12:53 INFO DAGScheduler: Parents of final stage: List()
26/07/03 08:12:53 INFO DAGScheduler: Missing parents: List()
26/07/03 08:12:53 INFO DAGScheduler: Submitting ResultStage 0 (MapPartitionsRDD[1] at parquet at MetadataNormalizer.java:40), which has no missing parents
26/07/03 08:12:53 INFO MemoryStore: Block broadcast_0 stored as values in memory (estimated size 103.6 KiB, free 434.3 MiB)
26/07/03 08:12:53 INFO MemoryStore: Block broadcast_0_piece0 stored as bytes in memory (estimated size 37.4 KiB, free 434.3 MiB)
26/07/03 08:12:53 INFO BlockManagerInfo: Added broadcast_0_piece0 in memory on 064b77ed9c92:36305 (size: 37.4 KiB, free: 434.4 MiB)
26/07/03 08:12:53 INFO SparkContext: Created broadcast 0 from broadcast at DAGScheduler.scala:1611
26/07/03 08:12:53 INFO DAGScheduler: Submitting 1 missing tasks from ResultStage 0 (MapPartitionsRDD[1] at parquet at MetadataNormalizer.java:40) (first 15 tasks are for partitions Vector(0))
26/07/03 08:12:53 INFO TaskSchedulerImpl: Adding task set 0.0 with 1 tasks resource profile 0
26/07/03 08:12:53 INFO TaskSetManager: Starting task 0.0 in stage 0.0 (TID 0) (064b77ed9c92, executor driver, partition 0, PROCESS_LOCAL, 9395 bytes) 
26/07/03 08:12:53 INFO Executor: Running task 0.0 in stage 0.0 (TID 0)
26/07/03 08:12:54 INFO Executor: Finished task 0.0 in stage 0.0 (TID 0). 1712 bytes result sent to driver
26/07/03 08:12:54 INFO TaskSetManager: Finished task 0.0 in stage 0.0 (TID 0) in 144 ms on 064b77ed9c92 (executor driver) (1/1)
26/07/03 08:12:54 INFO TaskSchedulerImpl: Removed TaskSet 0.0, whose tasks have all completed, from pool 
26/07/03 08:12:54 INFO DAGScheduler: ResultStage 0 (parquet at MetadataNormalizer.java:40) finished in 0.200 s
26/07/03 08:12:54 INFO DAGScheduler: Job 0 is finished. Cancelling potential speculative or zombie tasks for this job
26/07/03 08:12:54 INFO TaskSchedulerImpl: Killing all running tasks in stage 0: Stage finished
26/07/03 08:12:54 INFO DAGScheduler: Job 0 finished: parquet at MetadataNormalizer.java:40, took 0.213446 s
26/07/03 08:12:54 INFO BlockManagerInfo: Removed broadcast_0_piece0 on 064b77ed9c92:36305 in memory (size: 37.4 KiB, free: 434.4 MiB)
26/07/03 08:12:54 INFO FileSourceStrategy: Pushed Filters: 
26/07/03 08:12:54 INFO FileSourceStrategy: Post-Scan Filters: 
26/07/03 08:12:54 INFO CodeGenerator: Code generated in 71.081542 ms
26/07/03 08:12:54 INFO MemoryStore: Block broadcast_1 stored as values in memory (estimated size 201.2 KiB, free 434.2 MiB)
26/07/03 08:12:54 INFO MemoryStore: Block broadcast_1_piece0 stored as bytes in memory (estimated size 34.9 KiB, free 434.2 MiB)
26/07/03 08:12:54 INFO BlockManagerInfo: Added broadcast_1_piece0 in memory on 064b77ed9c92:36305 (size: 34.9 KiB, free: 434.4 MiB)
26/07/03 08:12:54 INFO SparkContext: Created broadcast 1 from count at MetadataNormalizer.java:48
26/07/03 08:12:54 INFO FileSourceScanExec: Planning scan with bin packing, max size: 4194304 bytes, open cost is considered as scanning 4194304 bytes.
26/07/03 08:12:54 INFO DAGScheduler: Registering RDD 5 (count at MetadataNormalizer.java:48) as input to shuffle 0
26/07/03 08:12:54 INFO DAGScheduler: Got map stage job 1 (count at MetadataNormalizer.java:48) with 2 output partitions
26/07/03 08:12:54 INFO DAGScheduler: Final stage: ShuffleMapStage 1 (count at MetadataNormalizer.java:48)
26/07/03 08:12:54 INFO DAGScheduler: Parents of final stage: List()
26/07/03 08:12:54 INFO DAGScheduler: Missing parents: List()
26/07/03 08:12:54 INFO DAGScheduler: Submitting ShuffleMapStage 1 (MapPartitionsRDD[5] at count at MetadataNormalizer.java:48), which has no missing parents
26/07/03 08:12:54 INFO MemoryStore: Block broadcast_2 stored as values in memory (estimated size 17.0 KiB, free 434.2 MiB)
26/07/03 08:12:54 INFO MemoryStore: Block broadcast_2_piece0 stored as bytes in memory (estimated size 7.8 KiB, free 434.1 MiB)
26/07/03 08:12:54 INFO BlockManagerInfo: Added broadcast_2_piece0 in memory on 064b77ed9c92:36305 (size: 7.8 KiB, free: 434.4 MiB)
26/07/03 08:12:54 INFO SparkContext: Created broadcast 2 from broadcast at DAGScheduler.scala:1611
26/07/03 08:12:54 INFO DAGScheduler: Submitting 2 missing tasks from ShuffleMapStage 1 (MapPartitionsRDD[5] at count at MetadataNormalizer.java:48) (first 15 tasks are for partitions Vector(0, 1))
26/07/03 08:12:54 INFO TaskSchedulerImpl: Adding task set 1.0 with 2 tasks resource profile 0
26/07/03 08:12:54 INFO TaskSetManager: Starting task 0.0 in stage 1.0 (TID 1) (064b77ed9c92, executor driver, partition 0, PROCESS_LOCAL, 9891 bytes) 
26/07/03 08:12:54 INFO TaskSetManager: Starting task 1.0 in stage 1.0 (TID 2) (064b77ed9c92, executor driver, partition 1, PROCESS_LOCAL, 9891 bytes) 
26/07/03 08:12:54 INFO Executor: Running task 0.0 in stage 1.0 (TID 1)
26/07/03 08:12:54 INFO Executor: Running task 1.0 in stage 1.0 (TID 2)
26/07/03 08:12:54 INFO CodeGenerator: Code generated in 9.516583 ms
26/07/03 08:12:54 INFO FileScanRDD: Reading File path: file:///recon-local/java-fixtures/split/root_b/timestampcolumn=2026-07-01/part-00000-006ddb0b-f16f-4a0b-a734-7f150de70c05-c000.snappy.parquet, range: 0-896, partition values: [empty row]
26/07/03 08:12:54 INFO FileScanRDD: Reading File path: file:///recon-local/java-fixtures/split/root_a/timestampcolumn=2026-07-01/part-00000-d94cb132-dd2a-468d-bed9-57b8bcfd66b7-c000.snappy.parquet, range: 0-907, partition values: [empty row]
26/07/03 08:12:54 INFO Executor: Finished task 1.0 in stage 1.0 (TID 2). 2136 bytes result sent to driver
26/07/03 08:12:54 INFO Executor: Finished task 0.0 in stage 1.0 (TID 1). 2136 bytes result sent to driver
26/07/03 08:12:54 INFO TaskSetManager: Finished task 1.0 in stage 1.0 (TID 2) in 95 ms on 064b77ed9c92 (executor driver) (1/2)
26/07/03 08:12:54 INFO TaskSetManager: Finished task 0.0 in stage 1.0 (TID 1) in 97 ms on 064b77ed9c92 (executor driver) (2/2)
26/07/03 08:12:54 INFO TaskSchedulerImpl: Removed TaskSet 1.0, whose tasks have all completed, from pool 
26/07/03 08:12:54 INFO DAGScheduler: ShuffleMapStage 1 (count at MetadataNormalizer.java:48) finished in 0.114 s
26/07/03 08:12:54 INFO DAGScheduler: looking for newly runnable stages
26/07/03 08:12:54 INFO DAGScheduler: running: Set()
26/07/03 08:12:54 INFO DAGScheduler: waiting: Set()
26/07/03 08:12:54 INFO DAGScheduler: failed: Set()
26/07/03 08:12:54 INFO CodeGenerator: Code generated in 5.404917 ms
26/07/03 08:12:54 INFO SparkContext: Starting job: count at MetadataNormalizer.java:48
26/07/03 08:12:54 INFO DAGScheduler: Got job 2 (count at MetadataNormalizer.java:48) with 1 output partitions
26/07/03 08:12:54 INFO DAGScheduler: Final stage: ResultStage 3 (count at MetadataNormalizer.java:48)
26/07/03 08:12:54 INFO DAGScheduler: Parents of final stage: List(ShuffleMapStage 2)
26/07/03 08:12:54 INFO DAGScheduler: Missing parents: List()
26/07/03 08:12:54 INFO DAGScheduler: Submitting ResultStage 3 (MapPartitionsRDD[8] at count at MetadataNormalizer.java:48), which has no missing parents
26/07/03 08:12:54 INFO MemoryStore: Block broadcast_3 stored as values in memory (estimated size 12.5 KiB, free 434.1 MiB)
26/07/03 08:12:54 INFO MemoryStore: Block broadcast_3_piece0 stored as bytes in memory (estimated size 5.9 KiB, free 434.1 MiB)
26/07/03 08:12:54 INFO BlockManagerInfo: Added broadcast_3_piece0 in memory on 064b77ed9c92:36305 (size: 5.9 KiB, free: 434.4 MiB)
26/07/03 08:12:54 INFO SparkContext: Created broadcast 3 from broadcast at DAGScheduler.scala:1611
26/07/03 08:12:54 INFO DAGScheduler: Submitting 1 missing tasks from ResultStage 3 (MapPartitionsRDD[8] at count at MetadataNormalizer.java:48) (first 15 tasks are for partitions Vector(0))
26/07/03 08:12:54 INFO TaskSchedulerImpl: Adding task set 3.0 with 1 tasks resource profile 0
26/07/03 08:12:54 INFO TaskSetManager: Starting task 0.0 in stage 3.0 (TID 3) (064b77ed9c92, executor driver, partition 0, NODE_LOCAL, 9198 bytes) 
26/07/03 08:12:54 INFO Executor: Running task 0.0 in stage 3.0 (TID 3)
26/07/03 08:12:54 INFO ShuffleBlockFetcherIterator: Getting 2 (120.0 B) non-empty blocks including 2 (120.0 B) local and 0 (0.0 B) host-local and 0 (0.0 B) push-merged-local and 0 (0.0 B) remote blocks
26/07/03 08:12:54 INFO ShuffleBlockFetcherIterator: Started 0 remote fetches in 3 ms
26/07/03 08:12:54 INFO CodeGenerator: Code generated in 4.035708 ms
26/07/03 08:12:54 INFO BlockManagerInfo: Removed broadcast_2_piece0 on 064b77ed9c92:36305 in memory (size: 7.8 KiB, free: 434.4 MiB)
26/07/03 08:12:54 INFO Executor: Finished task 0.0 in stage 3.0 (TID 3). 4038 bytes result sent to driver
26/07/03 08:12:54 INFO TaskSetManager: Finished task 0.0 in stage 3.0 (TID 3) in 32 ms on 064b77ed9c92 (executor driver) (1/1)
26/07/03 08:12:54 INFO TaskSchedulerImpl: Removed TaskSet 3.0, whose tasks have all completed, from pool 
26/07/03 08:12:54 INFO DAGScheduler: ResultStage 3 (count at MetadataNormalizer.java:48) finished in 0.037 s
26/07/03 08:12:54 INFO DAGScheduler: Job 2 is finished. Cancelling potential speculative or zombie tasks for this job
26/07/03 08:12:54 INFO TaskSchedulerImpl: Killing all running tasks in stage 3: Stage finished
26/07/03 08:12:54 INFO DAGScheduler: Job 2 finished: count at MetadataNormalizer.java:48, took 0.041463 s
26/07/03 08:12:54 INFO FileSourceStrategy: Pushed Filters: 
26/07/03 08:12:54 INFO FileSourceStrategy: Post-Scan Filters: 
26/07/03 08:12:55 INFO CodeGenerator: Code generated in 22.259708 ms
26/07/03 08:12:55 INFO CodeGenerator: Code generated in 5.800917 ms
26/07/03 08:12:55 INFO MemoryStore: Block broadcast_4 stored as values in memory (estimated size 201.3 KiB, free 434.0 MiB)
26/07/03 08:12:55 INFO MemoryStore: Block broadcast_4_piece0 stored as bytes in memory (estimated size 35.0 KiB, free 433.9 MiB)
26/07/03 08:12:55 INFO BlockManagerInfo: Added broadcast_4_piece0 in memory on 064b77ed9c92:36305 (size: 35.0 KiB, free: 434.3 MiB)
26/07/03 08:12:55 INFO SparkContext: Created broadcast 4 from show at MetadataNormalizer.java:116
26/07/03 08:12:55 INFO FileSourceScanExec: Planning scan with bin packing, max size: 4194304 bytes, open cost is considered as scanning 4194304 bytes.
26/07/03 08:12:55 INFO DAGScheduler: Registering RDD 14 (show at MetadataNormalizer.java:116) as input to shuffle 1
26/07/03 08:12:55 INFO DAGScheduler: Got map stage job 3 (show at MetadataNormalizer.java:116) with 2 output partitions
26/07/03 08:12:55 INFO DAGScheduler: Final stage: ShuffleMapStage 4 (show at MetadataNormalizer.java:116)
26/07/03 08:12:55 INFO DAGScheduler: Parents of final stage: List()
26/07/03 08:12:55 INFO DAGScheduler: Missing parents: List()
26/07/03 08:12:55 INFO DAGScheduler: Submitting ShuffleMapStage 4 (MapPartitionsRDD[14] at show at MetadataNormalizer.java:116), which has no missing parents
26/07/03 08:12:55 INFO MemoryStore: Block broadcast_5 stored as values in memory (estimated size 51.6 KiB, free 433.9 MiB)
26/07/03 08:12:55 INFO MemoryStore: Block broadcast_5_piece0 stored as bytes in memory (estimated size 18.9 KiB, free 433.9 MiB)
26/07/03 08:12:55 INFO BlockManagerInfo: Added broadcast_5_piece0 in memory on 064b77ed9c92:36305 (size: 18.9 KiB, free: 434.3 MiB)
26/07/03 08:12:55 INFO SparkContext: Created broadcast 5 from broadcast at DAGScheduler.scala:1611
26/07/03 08:12:55 INFO DAGScheduler: Submitting 2 missing tasks from ShuffleMapStage 4 (MapPartitionsRDD[14] at show at MetadataNormalizer.java:116) (first 15 tasks are for partitions Vector(0, 1))
26/07/03 08:12:55 INFO TaskSchedulerImpl: Adding task set 4.0 with 2 tasks resource profile 0
26/07/03 08:12:55 INFO TaskSetManager: Starting task 0.0 in stage 4.0 (TID 4) (064b77ed9c92, executor driver, partition 0, PROCESS_LOCAL, 9891 bytes) 
26/07/03 08:12:55 INFO TaskSetManager: Starting task 1.0 in stage 4.0 (TID 5) (064b77ed9c92, executor driver, partition 1, PROCESS_LOCAL, 9891 bytes) 
26/07/03 08:12:55 INFO Executor: Running task 0.0 in stage 4.0 (TID 4)
26/07/03 08:12:55 INFO Executor: Running task 1.0 in stage 4.0 (TID 5)
26/07/03 08:12:55 INFO CodeGenerator: Code generated in 3.874917 ms
26/07/03 08:12:55 INFO CodeGenerator: Code generated in 4.794417 ms
26/07/03 08:12:55 INFO CodeGenerator: Code generated in 14.692 ms
26/07/03 08:12:55 INFO FileScanRDD: Reading File path: file:///recon-local/java-fixtures/split/root_a/timestampcolumn=2026-07-01/part-00000-d94cb132-dd2a-468d-bed9-57b8bcfd66b7-c000.snappy.parquet, range: 0-907, partition values: [empty row]
26/07/03 08:12:55 INFO FileScanRDD: Reading File path: file:///recon-local/java-fixtures/split/root_b/timestampcolumn=2026-07-01/part-00000-006ddb0b-f16f-4a0b-a734-7f150de70c05-c000.snappy.parquet, range: 0-896, partition values: [empty row]
26/07/03 08:12:55 INFO CodecPool: Got brand-new decompressor [.snappy]
26/07/03 08:12:55 INFO CodecPool: Got brand-new decompressor [.snappy]
26/07/03 08:12:55 INFO BlockManagerInfo: Removed broadcast_1_piece0 on 064b77ed9c92:36305 in memory (size: 34.9 KiB, free: 434.3 MiB)
26/07/03 08:12:55 INFO Executor: Finished task 0.0 in stage 4.0 (TID 4). 2235 bytes result sent to driver
26/07/03 08:12:55 INFO BlockManagerInfo: Removed broadcast_3_piece0 on 064b77ed9c92:36305 in memory (size: 5.9 KiB, free: 434.3 MiB)
26/07/03 08:12:55 INFO TaskSetManager: Finished task 0.0 in stage 4.0 (TID 4) in 129 ms on 064b77ed9c92 (executor driver) (1/2)
26/07/03 08:12:55 INFO Executor: Finished task 1.0 in stage 4.0 (TID 5). 2235 bytes result sent to driver
26/07/03 08:12:55 INFO TaskSetManager: Finished task 1.0 in stage 4.0 (TID 5) in 129 ms on 064b77ed9c92 (executor driver) (2/2)
26/07/03 08:12:55 INFO TaskSchedulerImpl: Removed TaskSet 4.0, whose tasks have all completed, from pool 
26/07/03 08:12:55 INFO DAGScheduler: ShuffleMapStage 4 (show at MetadataNormalizer.java:116) finished in 0.141 s
26/07/03 08:12:55 INFO DAGScheduler: looking for newly runnable stages
26/07/03 08:12:55 INFO DAGScheduler: running: Set()
26/07/03 08:12:55 INFO DAGScheduler: waiting: Set()
26/07/03 08:12:55 INFO DAGScheduler: failed: Set()
26/07/03 08:12:55 INFO CodeGenerator: Code generated in 8.440291 ms
26/07/03 08:12:55 INFO SparkContext: Starting job: show at MetadataNormalizer.java:116
26/07/03 08:12:55 INFO DAGScheduler: Got job 4 (show at MetadataNormalizer.java:116) with 1 output partitions
26/07/03 08:12:55 INFO DAGScheduler: Final stage: ResultStage 6 (show at MetadataNormalizer.java:116)
26/07/03 08:12:55 INFO DAGScheduler: Parents of final stage: List(ShuffleMapStage 5)
26/07/03 08:12:55 INFO DAGScheduler: Missing parents: List()
26/07/03 08:12:55 INFO DAGScheduler: Submitting ResultStage 6 (MapPartitionsRDD[17] at show at MetadataNormalizer.java:116), which has no missing parents
26/07/03 08:12:55 INFO MemoryStore: Block broadcast_6 stored as values in memory (estimated size 27.1 KiB, free 434.1 MiB)
26/07/03 08:12:55 INFO MemoryStore: Block broadcast_6_piece0 stored as bytes in memory (estimated size 9.3 KiB, free 434.1 MiB)
26/07/03 08:12:55 INFO BlockManagerInfo: Added broadcast_6_piece0 in memory on 064b77ed9c92:36305 (size: 9.3 KiB, free: 434.3 MiB)
26/07/03 08:12:55 INFO SparkContext: Created broadcast 6 from broadcast at DAGScheduler.scala:1611
26/07/03 08:12:55 INFO DAGScheduler: Submitting 1 missing tasks from ResultStage 6 (MapPartitionsRDD[17] at show at MetadataNormalizer.java:116) (first 15 tasks are for partitions Vector(0))
26/07/03 08:12:55 INFO TaskSchedulerImpl: Adding task set 6.0 with 1 tasks resource profile 0
26/07/03 08:12:55 INFO TaskSetManager: Starting task 0.0 in stage 6.0 (TID 6) (064b77ed9c92, executor driver, partition 0, NODE_LOCAL, 9198 bytes) 
26/07/03 08:12:55 INFO Executor: Running task 0.0 in stage 6.0 (TID 6)
26/07/03 08:12:55 INFO ShuffleBlockFetcherIterator: Getting 2 (144.0 B) non-empty blocks including 2 (144.0 B) local and 0 (0.0 B) host-local and 0 (0.0 B) push-merged-local and 0 (0.0 B) remote blocks
26/07/03 08:12:55 INFO ShuffleBlockFetcherIterator: Started 0 remote fetches in 0 ms
26/07/03 08:12:55 INFO CodeGenerator: Code generated in 9.740334 ms
26/07/03 08:12:55 INFO Executor: Finished task 0.0 in stage 6.0 (TID 6). 4040 bytes result sent to driver
26/07/03 08:12:55 INFO TaskSetManager: Finished task 0.0 in stage 6.0 (TID 6) in 16 ms on 064b77ed9c92 (executor driver) (1/1)
26/07/03 08:12:55 INFO TaskSchedulerImpl: Removed TaskSet 6.0, whose tasks have all completed, from pool 
26/07/03 08:12:55 INFO DAGScheduler: ResultStage 6 (show at MetadataNormalizer.java:116) finished in 0.019 s
26/07/03 08:12:55 INFO DAGScheduler: Job 4 is finished. Cancelling potential speculative or zombie tasks for this job
26/07/03 08:12:55 INFO TaskSchedulerImpl: Killing all running tasks in stage 6: Stage finished
26/07/03 08:12:55 INFO DAGScheduler: Job 4 finished: show at MetadataNormalizer.java:116, took 0.021724 s
26/07/03 08:12:55 INFO CodeGenerator: Code generated in 5.123 ms
26/07/03 08:12:55 INFO BlockManagerInfo: Removed broadcast_6_piece0 on 064b77ed9c92:36305 in memory (size: 9.3 KiB, free: 434.3 MiB)
26/07/03 08:12:55 INFO BlockManagerInfo: Removed broadcast_5_piece0 on 064b77ed9c92:36305 in memory (size: 18.9 KiB, free: 434.4 MiB)
26/07/03 08:12:55 INFO FileSourceStrategy: Pushed Filters: 
26/07/03 08:12:55 INFO FileSourceStrategy: Post-Scan Filters: 
26/07/03 08:12:55 INFO MemoryStore: Block broadcast_7 stored as values in memory (estimated size 201.3 KiB, free 434.0 MiB)
26/07/03 08:12:55 INFO MemoryStore: Block broadcast_7_piece0 stored as bytes in memory (estimated size 35.0 KiB, free 433.9 MiB)
26/07/03 08:12:55 INFO BlockManagerInfo: Added broadcast_7_piece0 in memory on 064b77ed9c92:36305 (size: 35.0 KiB, free: 434.3 MiB)
26/07/03 08:12:55 INFO SparkContext: Created broadcast 7 from collectAsList at MetadataNormalizer.java:119
26/07/03 08:12:55 INFO FileSourceScanExec: Planning scan with bin packing, max size: 4194304 bytes, open cost is considered as scanning 4194304 bytes.
26/07/03 08:12:55 INFO DAGScheduler: Registering RDD 23 (collectAsList at MetadataNormalizer.java:119) as input to shuffle 2
26/07/03 08:12:55 INFO DAGScheduler: Got map stage job 5 (collectAsList at MetadataNormalizer.java:119) with 2 output partitions
26/07/03 08:12:55 INFO DAGScheduler: Final stage: ShuffleMapStage 7 (collectAsList at MetadataNormalizer.java:119)
26/07/03 08:12:55 INFO DAGScheduler: Parents of final stage: List()
26/07/03 08:12:55 INFO DAGScheduler: Missing parents: List()
26/07/03 08:12:55 INFO DAGScheduler: Submitting ShuffleMapStage 7 (MapPartitionsRDD[23] at collectAsList at MetadataNormalizer.java:119), which has no missing parents
26/07/03 08:12:55 INFO MemoryStore: Block broadcast_8 stored as values in memory (estimated size 51.6 KiB, free 433.9 MiB)
26/07/03 08:12:55 INFO MemoryStore: Block broadcast_8_piece0 stored as bytes in memory (estimated size 18.9 KiB, free 433.9 MiB)
26/07/03 08:12:55 INFO BlockManagerInfo: Added broadcast_8_piece0 in memory on 064b77ed9c92:36305 (size: 18.9 KiB, free: 434.3 MiB)
26/07/03 08:12:55 INFO SparkContext: Created broadcast 8 from broadcast at DAGScheduler.scala:1611
26/07/03 08:12:55 INFO DAGScheduler: Submitting 2 missing tasks from ShuffleMapStage 7 (MapPartitionsRDD[23] at collectAsList at MetadataNormalizer.java:119) (first 15 tasks are for partitions Vector(0, 1))
26/07/03 08:12:55 INFO TaskSchedulerImpl: Adding task set 7.0 with 2 tasks resource profile 0
26/07/03 08:12:55 INFO TaskSetManager: Starting task 0.0 in stage 7.0 (TID 7) (064b77ed9c92, executor driver, partition 0, PROCESS_LOCAL, 9891 bytes) 
26/07/03 08:12:55 INFO TaskSetManager: Starting task 1.0 in stage 7.0 (TID 8) (064b77ed9c92, executor driver, partition 1, PROCESS_LOCAL, 9891 bytes) 
26/07/03 08:12:55 INFO Executor: Running task 0.0 in stage 7.0 (TID 7)
26/07/03 08:12:55 INFO Executor: Running task 1.0 in stage 7.0 (TID 8)
26/07/03 08:12:55 INFO FileScanRDD: Reading File path: file:///recon-local/java-fixtures/split/root_a/timestampcolumn=2026-07-01/part-00000-d94cb132-dd2a-468d-bed9-57b8bcfd66b7-c000.snappy.parquet, range: 0-907, partition values: [empty row]
26/07/03 08:12:55 INFO FileScanRDD: Reading File path: file:///recon-local/java-fixtures/split/root_b/timestampcolumn=2026-07-01/part-00000-006ddb0b-f16f-4a0b-a734-7f150de70c05-c000.snappy.parquet, range: 0-896, partition values: [empty row]
26/07/03 08:12:55 INFO Executor: Finished task 1.0 in stage 7.0 (TID 8). 2192 bytes result sent to driver
26/07/03 08:12:55 INFO TaskSetManager: Finished task 1.0 in stage 7.0 (TID 8) in 17 ms on 064b77ed9c92 (executor driver) (1/2)
26/07/03 08:12:55 INFO Executor: Finished task 0.0 in stage 7.0 (TID 7). 2192 bytes result sent to driver
26/07/03 08:12:55 INFO TaskSetManager: Finished task 0.0 in stage 7.0 (TID 7) in 18 ms on 064b77ed9c92 (executor driver) (2/2)
26/07/03 08:12:55 INFO TaskSchedulerImpl: Removed TaskSet 7.0, whose tasks have all completed, from pool 
26/07/03 08:12:55 INFO DAGScheduler: ShuffleMapStage 7 (collectAsList at MetadataNormalizer.java:119) finished in 0.024 s
26/07/03 08:12:55 INFO DAGScheduler: looking for newly runnable stages
26/07/03 08:12:55 INFO DAGScheduler: running: Set()
26/07/03 08:12:55 INFO DAGScheduler: waiting: Set()
26/07/03 08:12:55 INFO DAGScheduler: failed: Set()
26/07/03 08:12:55 INFO CodeGenerator: Code generated in 5.636 ms
26/07/03 08:12:55 INFO SparkContext: Starting job: collectAsList at MetadataNormalizer.java:119
26/07/03 08:12:55 INFO DAGScheduler: Got job 6 (collectAsList at MetadataNormalizer.java:119) with 1 output partitions
26/07/03 08:12:55 INFO DAGScheduler: Final stage: ResultStage 9 (collectAsList at MetadataNormalizer.java:119)
26/07/03 08:12:55 INFO DAGScheduler: Parents of final stage: List(ShuffleMapStage 8)
26/07/03 08:12:55 INFO DAGScheduler: Missing parents: List()
26/07/03 08:12:55 INFO DAGScheduler: Submitting ResultStage 9 (MapPartitionsRDD[26] at collectAsList at MetadataNormalizer.java:119), which has no missing parents
26/07/03 08:12:55 INFO MemoryStore: Block broadcast_9 stored as values in memory (estimated size 26.1 KiB, free 433.8 MiB)
26/07/03 08:12:55 INFO MemoryStore: Block broadcast_9_piece0 stored as bytes in memory (estimated size 9.1 KiB, free 433.8 MiB)
26/07/03 08:12:55 INFO BlockManagerInfo: Added broadcast_9_piece0 in memory on 064b77ed9c92:36305 (size: 9.1 KiB, free: 434.3 MiB)
26/07/03 08:12:55 INFO SparkContext: Created broadcast 9 from broadcast at DAGScheduler.scala:1611
26/07/03 08:12:55 INFO DAGScheduler: Submitting 1 missing tasks from ResultStage 9 (MapPartitionsRDD[26] at collectAsList at MetadataNormalizer.java:119) (first 15 tasks are for partitions Vector(0))
26/07/03 08:12:55 INFO TaskSchedulerImpl: Adding task set 9.0 with 1 tasks resource profile 0
26/07/03 08:12:55 INFO TaskSetManager: Starting task 0.0 in stage 9.0 (TID 9) (064b77ed9c92, executor driver, partition 0, NODE_LOCAL, 9198 bytes) 
26/07/03 08:12:55 INFO Executor: Running task 0.0 in stage 9.0 (TID 9)
26/07/03 08:12:55 INFO ShuffleBlockFetcherIterator: Getting 2 (144.0 B) non-empty blocks including 2 (144.0 B) local and 0 (0.0 B) host-local and 0 (0.0 B) push-merged-local and 0 (0.0 B) remote blocks
26/07/03 08:12:55 INFO ShuffleBlockFetcherIterator: Started 0 remote fetches in 0 ms
26/07/03 08:12:55 INFO CodeGenerator: Code generated in 4.867333 ms
26/07/03 08:12:55 INFO Executor: Finished task 0.0 in stage 9.0 (TID 9). 3999 bytes result sent to driver
26/07/03 08:12:55 INFO TaskSetManager: Finished task 0.0 in stage 9.0 (TID 9) in 11 ms on 064b77ed9c92 (executor driver) (1/1)
26/07/03 08:12:55 INFO TaskSchedulerImpl: Removed TaskSet 9.0, whose tasks have all completed, from pool 
26/07/03 08:12:55 INFO DAGScheduler: ResultStage 9 (collectAsList at MetadataNormalizer.java:119) finished in 0.014 s
26/07/03 08:12:55 INFO DAGScheduler: Job 6 is finished. Cancelling potential speculative or zombie tasks for this job
26/07/03 08:12:55 INFO TaskSchedulerImpl: Killing all running tasks in stage 9: Stage finished
26/07/03 08:12:55 INFO DAGScheduler: Job 6 finished: collectAsList at MetadataNormalizer.java:119, took 0.016807 s
26/07/03 08:12:55 INFO CodeGenerator: Code generated in 3.30225 ms
26/07/03 08:12:55 INFO FileSourceStrategy: Pushed Filters: IsNotNull(cactus__metadata)
26/07/03 08:12:55 INFO FileSourceStrategy: Post-Scan Filters: isnotnull(cactus__metadata#0),isnotnull(from_json(StructField(partition,StringType,true), StructField(offset,StringType,true), StructField(_recon_corrupt_record,StringType,true), (mode,PERMISSIVE), (columnNameOfCorruptRecord,_recon_corrupt_record), cactus__metadata#0, Some(UTC))),isnull(from_json(StructField(partition,StringType,true), StructField(offset,StringType,true), StructField(_recon_corrupt_record,StringType,true), (mode,PERMISSIVE), (columnNameOfCorruptRecord,_recon_corrupt_record), cactus__metadata#0, Some(UTC))._recon_corrupt_record),((isnull(cactus__metadata#0) OR (isnull(from_json(StructField(partition,StringType,true), StructField(offset,StringType,true), StructField(_recon_corrupt_record,StringType,true), (mode,PERMISSIVE), (columnNameOfCorruptRecord,_recon_corrupt_record), cactus__metadata#0, Some(UTC))) OR isnotnull(from_json(StructField(partition,StringType,true), StructField(offset,StringType,true), StructField(_recon_corrupt_record,StringType,true), (mode,PERMISSIVE), (columnNameOfCorruptRecord,_recon_corrupt_record), cactus__metadata#0, Some(UTC))._recon_corrupt_record))) OR isnotnull(trim(from_json(StructField(partition,StringType,true), StructField(offset,StringType,true), StructField(_recon_corrupt_record,StringType,true), (mode,PERMISSIVE), (columnNameOfCorruptRecord,_recon_corrupt_record), cactus__metadata#0, Some(UTC)).partition, None))),((isnull(cactus__metadata#0) OR (isnull(from_json(StructField(partition,StringType,true), StructField(offset,StringType,true), StructField(_recon_corrupt_record,StringType,true), (mode,PERMISSIVE), (columnNameOfCorruptRecord,_recon_corrupt_record), cactus__metadata#0, Some(UTC))) OR isnotnull(from_json(StructField(partition,StringType,true), StructField(offset,StringType,true), StructField(_recon_corrupt_record,StringType,true), (mode,PERMISSIVE), (columnNameOfCorruptRecord,_recon_corrupt_record), cactus__metadata#0, Some(UTC))._recon_corrupt_record))) OR isnotnull(trim(from_json(StructField(partition,StringType,true), StructField(offset,StringType,true), StructField(_recon_corrupt_record,StringType,true), (mode,PERMISSIVE), (columnNameOfCorruptRecord,_recon_corrupt_record), cactus__metadata#0, Some(UTC)).offset, None))),(((isnull(cactus__metadata#0) OR (isnull(from_json(StructField(partition,StringType,true), StructField(offset,StringType,true), StructField(_recon_corrupt_record,StringType,true), (mode,PERMISSIVE), (columnNameOfCorruptRecord,_recon_corrupt_record), cactus__metadata#0, Some(UTC))) OR isnotnull(from_json(StructField(partition,StringType,true), StructField(offset,StringType,true), StructField(_recon_corrupt_record,StringType,true), (mode,PERMISSIVE), (columnNameOfCorruptRecord,_recon_corrupt_record), cactus__metadata#0, Some(UTC))._recon_corrupt_record))) OR isnull(trim(from_json(StructField(partition,StringType,true), StructField(offset,StringType,true), StructField(_recon_corrupt_record,StringType,true), (mode,PERMISSIVE), (columnNameOfCorruptRecord,_recon_corrupt_record), cactus__metadata#0, Some(UTC)).partition, None))) OR NOT CASE WHEN RLIKE(trim(from_json(StructField(partition,StringType,true), StructField(offset,StringType,true), StructField(_recon_corrupt_record,StringType,true), (mode,PERMISSIVE), (columnNameOfCorruptRecord,_recon_corrupt_record), cactus__metadata#0, Some(UTC)).partition, None), ^[0-9]+$) THEN isnull(cast(trim(from_json(StructField(partition,StringType,true), StructField(offset,StringType,true), StructField(_recon_corrupt_record,StringType,true), (mode,PERMISSIVE), (columnNameOfCorruptRecord,_recon_corrupt_record), cactus__metadata#0, Some(UTC)).partition, None) as int)) ELSE true END),(((isnull(cactus__metadata#0) OR (isnull(from_json(StructField(partition,StringType,true), StructField(offset,StringType,true), StructField(_recon_corrupt_record,StringType,true), (mode,PERMISSIVE), (columnNameOfCorruptRecord,_recon_corrupt_record), cactus__metadata#0, Some(UTC))) OR isnotnull(from_json(StructField(partition,StringType,true), StructField(offset,StringType,true), StructField(_recon_corrupt_record,StringType,true), (mode,PERMISSIVE), (columnNameOfCorruptRecord,_recon_corrupt_record), cactus__metadata#0, Some(UTC))._recon_corrupt_record))) OR isnull(trim(from_json(StructField(partition,StringType,true), StructField(offset,StringType,true), StructField(_recon_corrupt_record,StringType,true), (mode,PERMISSIVE), (columnNameOfCorruptRecord,_recon_corrupt_record), cactus__metadata#0, Some(UTC)).offset, None))) OR NOT CASE WHEN RLIKE(trim(from_json(StructField(partition,StringType,true), StructField(offset,StringType,true), StructField(_recon_corrupt_record,StringType,true), (mode,PERMISSIVE), (columnNameOfCorruptRecord,_recon_corrupt_record), cactus__metadata#0, Some(UTC)).offset, None), ^[0-9]+$) THEN isnull(cast(trim(from_json(StructField(partition,StringType,true), StructField(offset,StringType,true), StructField(_recon_corrupt_record,StringType,true), (mode,PERMISSIVE), (columnNameOfCorruptRecord,_recon_corrupt_record), cactus__metadata#0, Some(UTC)).offset, None) as bigint)) ELSE true END)
26/07/03 08:12:55 INFO CodeGenerator: Code generated in 2.8805 ms
26/07/03 08:12:55 INFO MemoryStore: Block broadcast_10 stored as values in memory (estimated size 201.3 KiB, free 433.6 MiB)
26/07/03 08:12:55 INFO MemoryStore: Block broadcast_10_piece0 stored as bytes in memory (estimated size 35.0 KiB, free 433.6 MiB)
26/07/03 08:12:55 INFO BlockManagerInfo: Added broadcast_10_piece0 in memory on 064b77ed9c92:36305 (size: 35.0 KiB, free: 434.3 MiB)
26/07/03 08:12:55 INFO SparkContext: Created broadcast 10 from count at OffsetAnalytics.java:39
26/07/03 08:12:55 INFO FileSourceScanExec: Planning scan with bin packing, max size: 4194304 bytes, open cost is considered as scanning 4194304 bytes.
26/07/03 08:12:55 INFO DAGScheduler: Registering RDD 32 (count at OffsetAnalytics.java:39) as input to shuffle 3
26/07/03 08:12:55 INFO DAGScheduler: Got map stage job 7 (count at OffsetAnalytics.java:39) with 2 output partitions
26/07/03 08:12:55 INFO DAGScheduler: Final stage: ShuffleMapStage 10 (count at OffsetAnalytics.java:39)
26/07/03 08:12:55 INFO DAGScheduler: Parents of final stage: List()
26/07/03 08:12:55 INFO DAGScheduler: Missing parents: List()
26/07/03 08:12:55 INFO DAGScheduler: Submitting ShuffleMapStage 10 (MapPartitionsRDD[32] at count at OffsetAnalytics.java:39), which has no missing parents
26/07/03 08:12:55 INFO MemoryStore: Block broadcast_11 stored as values in memory (estimated size 40.7 KiB, free 433.6 MiB)
26/07/03 08:12:55 INFO MemoryStore: Block broadcast_11_piece0 stored as bytes in memory (estimated size 16.2 KiB, free 433.5 MiB)
26/07/03 08:12:55 INFO BlockManagerInfo: Added broadcast_11_piece0 in memory on 064b77ed9c92:36305 (size: 16.2 KiB, free: 434.3 MiB)
26/07/03 08:12:55 INFO SparkContext: Created broadcast 11 from broadcast at DAGScheduler.scala:1611
26/07/03 08:12:55 INFO DAGScheduler: Submitting 2 missing tasks from ShuffleMapStage 10 (MapPartitionsRDD[32] at count at OffsetAnalytics.java:39) (first 15 tasks are for partitions Vector(0, 1))
26/07/03 08:12:55 INFO TaskSchedulerImpl: Adding task set 10.0 with 2 tasks resource profile 0
26/07/03 08:12:55 INFO TaskSetManager: Starting task 0.0 in stage 10.0 (TID 10) (064b77ed9c92, executor driver, partition 0, PROCESS_LOCAL, 9891 bytes) 
26/07/03 08:12:55 INFO TaskSetManager: Starting task 1.0 in stage 10.0 (TID 11) (064b77ed9c92, executor driver, partition 1, PROCESS_LOCAL, 9891 bytes) 
26/07/03 08:12:55 INFO Executor: Running task 0.0 in stage 10.0 (TID 10)
26/07/03 08:12:55 INFO Executor: Running task 1.0 in stage 10.0 (TID 11)
26/07/03 08:12:55 INFO CodeGenerator: Code generated in 4.609666 ms
26/07/03 08:12:55 INFO CodeGenerator: Code generated in 2.036083 ms
26/07/03 08:12:55 INFO FileScanRDD: Reading File path: file:///recon-local/java-fixtures/split/root_b/timestampcolumn=2026-07-01/part-00000-006ddb0b-f16f-4a0b-a734-7f150de70c05-c000.snappy.parquet, range: 0-896, partition values: [empty row]
26/07/03 08:12:55 INFO FileScanRDD: Reading File path: file:///recon-local/java-fixtures/split/root_a/timestampcolumn=2026-07-01/part-00000-d94cb132-dd2a-468d-bed9-57b8bcfd66b7-c000.snappy.parquet, range: 0-907, partition values: [empty row]
26/07/03 08:12:55 INFO FilterCompat: Filtering using predicate: noteq(cactus__metadata, null)
26/07/03 08:12:55 INFO FilterCompat: Filtering using predicate: noteq(cactus__metadata, null)
26/07/03 08:12:55 INFO Executor: Finished task 0.0 in stage 10.0 (TID 10). 2334 bytes result sent to driver
26/07/03 08:12:55 INFO BlockManagerInfo: Removed broadcast_7_piece0 on 064b77ed9c92:36305 in memory (size: 35.0 KiB, free: 434.3 MiB)
26/07/03 08:12:55 INFO TaskSetManager: Finished task 0.0 in stage 10.0 (TID 10) in 60 ms on 064b77ed9c92 (executor driver) (1/2)
26/07/03 08:12:55 INFO Executor: Finished task 1.0 in stage 10.0 (TID 11). 2291 bytes result sent to driver
26/07/03 08:12:55 INFO TaskSetManager: Finished task 1.0 in stage 10.0 (TID 11) in 60 ms on 064b77ed9c92 (executor driver) (2/2)
26/07/03 08:12:55 INFO TaskSchedulerImpl: Removed TaskSet 10.0, whose tasks have all completed, from pool 
26/07/03 08:12:55 INFO DAGScheduler: ShuffleMapStage 10 (count at OffsetAnalytics.java:39) finished in 0.091 s
26/07/03 08:12:55 INFO DAGScheduler: looking for newly runnable stages
26/07/03 08:12:55 INFO DAGScheduler: running: Set()
26/07/03 08:12:55 INFO DAGScheduler: waiting: Set()
26/07/03 08:12:55 INFO DAGScheduler: failed: Set()
26/07/03 08:12:55 INFO BlockManagerInfo: Removed broadcast_8_piece0 on 064b77ed9c92:36305 in memory (size: 18.9 KiB, free: 434.3 MiB)
26/07/03 08:12:55 INFO BlockManagerInfo: Removed broadcast_9_piece0 on 064b77ed9c92:36305 in memory (size: 9.1 KiB, free: 434.3 MiB)
26/07/03 08:12:55 INFO BlockManagerInfo: Removed broadcast_4_piece0 on 064b77ed9c92:36305 in memory (size: 35.0 KiB, free: 434.3 MiB)
26/07/03 08:12:55 INFO CodeGenerator: Code generated in 3.755375 ms
26/07/03 08:12:55 INFO SparkContext: Starting job: count at OffsetAnalytics.java:39
26/07/03 08:12:55 INFO DAGScheduler: Got job 8 (count at OffsetAnalytics.java:39) with 1 output partitions
26/07/03 08:12:55 INFO DAGScheduler: Final stage: ResultStage 12 (count at OffsetAnalytics.java:39)
26/07/03 08:12:55 INFO DAGScheduler: Parents of final stage: List(ShuffleMapStage 11)
26/07/03 08:12:55 INFO DAGScheduler: Missing parents: List()
26/07/03 08:12:55 INFO DAGScheduler: Submitting ResultStage 12 (MapPartitionsRDD[35] at count at OffsetAnalytics.java:39), which has no missing parents
26/07/03 08:12:55 INFO MemoryStore: Block broadcast_12 stored as values in memory (estimated size 12.5 KiB, free 434.1 MiB)
26/07/03 08:12:55 INFO MemoryStore: Block broadcast_12_piece0 stored as bytes in memory (estimated size 5.9 KiB, free 434.1 MiB)
26/07/03 08:12:55 INFO BlockManagerInfo: Added broadcast_12_piece0 in memory on 064b77ed9c92:36305 (size: 5.9 KiB, free: 434.3 MiB)
26/07/03 08:12:55 INFO SparkContext: Created broadcast 12 from broadcast at DAGScheduler.scala:1611
26/07/03 08:12:55 INFO DAGScheduler: Submitting 1 missing tasks from ResultStage 12 (MapPartitionsRDD[35] at count at OffsetAnalytics.java:39) (first 15 tasks are for partitions Vector(0))
26/07/03 08:12:55 INFO TaskSchedulerImpl: Adding task set 12.0 with 1 tasks resource profile 0
26/07/03 08:12:55 INFO TaskSetManager: Starting task 0.0 in stage 12.0 (TID 12) (064b77ed9c92, executor driver, partition 0, NODE_LOCAL, 9198 bytes) 
26/07/03 08:12:55 INFO Executor: Running task 0.0 in stage 12.0 (TID 12)
26/07/03 08:12:55 INFO ShuffleBlockFetcherIterator: Getting 2 (120.0 B) non-empty blocks including 2 (120.0 B) local and 0 (0.0 B) host-local and 0 (0.0 B) push-merged-local and 0 (0.0 B) remote blocks
26/07/03 08:12:55 INFO ShuffleBlockFetcherIterator: Started 0 remote fetches in 0 ms
26/07/03 08:12:55 INFO CodeGenerator: Code generated in 1.954541 ms
26/07/03 08:12:55 INFO Executor: Finished task 0.0 in stage 12.0 (TID 12). 3952 bytes result sent to driver
26/07/03 08:12:55 INFO TaskSetManager: Finished task 0.0 in stage 12.0 (TID 12) in 6 ms on 064b77ed9c92 (executor driver) (1/1)
26/07/03 08:12:55 INFO TaskSchedulerImpl: Removed TaskSet 12.0, whose tasks have all completed, from pool 
26/07/03 08:12:55 INFO DAGScheduler: ResultStage 12 (count at OffsetAnalytics.java:39) finished in 0.009 s
26/07/03 08:12:55 INFO DAGScheduler: Job 8 is finished. Cancelling potential speculative or zombie tasks for this job
26/07/03 08:12:55 INFO TaskSchedulerImpl: Killing all running tasks in stage 12: Stage finished
26/07/03 08:12:55 INFO DAGScheduler: Job 8 finished: count at OffsetAnalytics.java:39, took 0.010917 s
26/07/03 08:12:55 INFO FileSourceStrategy: Pushed Filters: IsNotNull(cactus__metadata)
26/07/03 08:12:55 INFO FileSourceStrategy: Post-Scan Filters: isnotnull(cactus__metadata#0),isnotnull(from_json(StructField(partition,StringType,true), StructField(offset,StringType,true), StructField(_recon_corrupt_record,StringType,true), (mode,PERMISSIVE), (columnNameOfCorruptRecord,_recon_corrupt_record), cactus__metadata#0, Some(UTC))),isnull(from_json(StructField(partition,StringType,true), StructField(offset,StringType,true), StructField(_recon_corrupt_record,StringType,true), (mode,PERMISSIVE), (columnNameOfCorruptRecord,_recon_corrupt_record), cactus__metadata#0, Some(UTC))._recon_corrupt_record),((isnull(cactus__metadata#0) OR (isnull(from_json(StructField(partition,StringType,true), StructField(offset,StringType,true), StructField(_recon_corrupt_record,StringType,true), (mode,PERMISSIVE), (columnNameOfCorruptRecord,_recon_corrupt_record), cactus__metadata#0, Some(UTC))) OR isnotnull(from_json(StructField(partition,StringType,true), StructField(offset,StringType,true), StructField(_recon_corrupt_record,StringType,true), (mode,PERMISSIVE), (columnNameOfCorruptRecord,_recon_corrupt_record), cactus__metadata#0, Some(UTC))._recon_corrupt_record))) OR isnotnull(trim(from_json(StructField(partition,StringType,true), StructField(offset,StringType,true), StructField(_recon_corrupt_record,StringType,true), (mode,PERMISSIVE), (columnNameOfCorruptRecord,_recon_corrupt_record), cactus__metadata#0, Some(UTC)).partition, None))),((isnull(cactus__metadata#0) OR (isnull(from_json(StructField(partition,StringType,true), StructField(offset,StringType,true), StructField(_recon_corrupt_record,StringType,true), (mode,PERMISSIVE), (columnNameOfCorruptRecord,_recon_corrupt_record), cactus__metadata#0, Some(UTC))) OR isnotnull(from_json(StructField(partition,StringType,true), StructField(offset,StringType,true), StructField(_recon_corrupt_record,StringType,true), (mode,PERMISSIVE), (columnNameOfCorruptRecord,_recon_corrupt_record), cactus__metadata#0, Some(UTC))._recon_corrupt_record))) OR isnotnull(trim(from_json(StructField(partition,StringType,true), StructField(offset,StringType,true), StructField(_recon_corrupt_record,StringType,true), (mode,PERMISSIVE), (columnNameOfCorruptRecord,_recon_corrupt_record), cactus__metadata#0, Some(UTC)).offset, None))),(((isnull(cactus__metadata#0) OR (isnull(from_json(StructField(partition,StringType,true), StructField(offset,StringType,true), StructField(_recon_corrupt_record,StringType,true), (mode,PERMISSIVE), (columnNameOfCorruptRecord,_recon_corrupt_record), cactus__metadata#0, Some(UTC))) OR isnotnull(from_json(StructField(partition,StringType,true), StructField(offset,StringType,true), StructField(_recon_corrupt_record,StringType,true), (mode,PERMISSIVE), (columnNameOfCorruptRecord,_recon_corrupt_record), cactus__metadata#0, Some(UTC))._recon_corrupt_record))) OR isnull(trim(from_json(StructField(partition,StringType,true), StructField(offset,StringType,true), StructField(_recon_corrupt_record,StringType,true), (mode,PERMISSIVE), (columnNameOfCorruptRecord,_recon_corrupt_record), cactus__metadata#0, Some(UTC)).partition, None))) OR NOT CASE WHEN RLIKE(trim(from_json(StructField(partition,StringType,true), StructField(offset,StringType,true), StructField(_recon_corrupt_record,StringType,true), (mode,PERMISSIVE), (columnNameOfCorruptRecord,_recon_corrupt_record), cactus__metadata#0, Some(UTC)).partition, None), ^[0-9]+$) THEN isnull(cast(trim(from_json(StructField(partition,StringType,true), StructField(offset,StringType,true), StructField(_recon_corrupt_record,StringType,true), (mode,PERMISSIVE), (columnNameOfCorruptRecord,_recon_corrupt_record), cactus__metadata#0, Some(UTC)).partition, None) as int)) ELSE true END),(((isnull(cactus__metadata#0) OR (isnull(from_json(StructField(partition,StringType,true), StructField(offset,StringType,true), StructField(_recon_corrupt_record,StringType,true), (mode,PERMISSIVE), (columnNameOfCorruptRecord,_recon_corrupt_record), cactus__metadata#0, Some(UTC))) OR isnotnull(from_json(StructField(partition,StringType,true), StructField(offset,StringType,true), StructField(_recon_corrupt_record,StringType,true), (mode,PERMISSIVE), (columnNameOfCorruptRecord,_recon_corrupt_record), cactus__metadata#0, Some(UTC))._recon_corrupt_record))) OR isnull(trim(from_json(StructField(partition,StringType,true), StructField(offset,StringType,true), StructField(_recon_corrupt_record,StringType,true), (mode,PERMISSIVE), (columnNameOfCorruptRecord,_recon_corrupt_record), cactus__metadata#0, Some(UTC)).offset, None))) OR NOT CASE WHEN RLIKE(trim(from_json(StructField(partition,StringType,true), StructField(offset,StringType,true), StructField(_recon_corrupt_record,StringType,true), (mode,PERMISSIVE), (columnNameOfCorruptRecord,_recon_corrupt_record), cactus__metadata#0, Some(UTC)).offset, None), ^[0-9]+$) THEN isnull(cast(trim(from_json(StructField(partition,StringType,true), StructField(offset,StringType,true), StructField(_recon_corrupt_record,StringType,true), (mode,PERMISSIVE), (columnNameOfCorruptRecord,_recon_corrupt_record), cactus__metadata#0, Some(UTC)).offset, None) as bigint)) ELSE true END)
26/07/03 08:12:55 INFO CodeGenerator: Code generated in 14.288584 ms
26/07/03 08:12:55 INFO MemoryStore: Block broadcast_13 stored as values in memory (estimated size 201.3 KiB, free 433.9 MiB)
26/07/03 08:12:55 INFO MemoryStore: Block broadcast_13_piece0 stored as bytes in memory (estimated size 35.0 KiB, free 433.9 MiB)
26/07/03 08:12:55 INFO BlockManagerInfo: Added broadcast_13_piece0 in memory on 064b77ed9c92:36305 (size: 35.0 KiB, free: 434.3 MiB)
26/07/03 08:12:55 INFO SparkContext: Created broadcast 13 from count at OffsetAnalytics.java:45
26/07/03 08:12:55 INFO FileSourceScanExec: Planning scan with bin packing, max size: 4194304 bytes, open cost is considered as scanning 4194304 bytes.
26/07/03 08:12:55 INFO DAGScheduler: Registering RDD 42 (count at OffsetAnalytics.java:45) as input to shuffle 4
26/07/03 08:12:55 INFO DAGScheduler: Got map stage job 9 (count at OffsetAnalytics.java:45) with 2 output partitions
26/07/03 08:12:55 INFO DAGScheduler: Final stage: ShuffleMapStage 13 (count at OffsetAnalytics.java:45)
26/07/03 08:12:55 INFO DAGScheduler: Parents of final stage: List()
26/07/03 08:12:55 INFO DAGScheduler: Missing parents: List()
26/07/03 08:12:55 INFO DAGScheduler: Submitting ShuffleMapStage 13 (MapPartitionsRDD[42] at count at OffsetAnalytics.java:45), which has no missing parents
26/07/03 08:12:55 INFO MemoryStore: Block broadcast_14 stored as values in memory (estimated size 64.5 KiB, free 433.8 MiB)
26/07/03 08:12:55 INFO MemoryStore: Block broadcast_14_piece0 stored as bytes in memory (estimated size 23.7 KiB, free 433.8 MiB)
26/07/03 08:12:55 INFO BlockManagerInfo: Added broadcast_14_piece0 in memory on 064b77ed9c92:36305 (size: 23.7 KiB, free: 434.3 MiB)
26/07/03 08:12:55 INFO SparkContext: Created broadcast 14 from broadcast at DAGScheduler.scala:1611
26/07/03 08:12:55 INFO DAGScheduler: Submitting 2 missing tasks from ShuffleMapStage 13 (MapPartitionsRDD[42] at count at OffsetAnalytics.java:45) (first 15 tasks are for partitions Vector(0, 1))
26/07/03 08:12:55 INFO TaskSchedulerImpl: Adding task set 13.0 with 2 tasks resource profile 0
26/07/03 08:12:55 INFO TaskSetManager: Starting task 0.0 in stage 13.0 (TID 13) (064b77ed9c92, executor driver, partition 0, PROCESS_LOCAL, 9891 bytes) 
26/07/03 08:12:55 INFO TaskSetManager: Starting task 1.0 in stage 13.0 (TID 14) (064b77ed9c92, executor driver, partition 1, PROCESS_LOCAL, 9891 bytes) 
26/07/03 08:12:55 INFO Executor: Running task 0.0 in stage 13.0 (TID 13)
26/07/03 08:12:55 INFO Executor: Running task 1.0 in stage 13.0 (TID 14)
26/07/03 08:12:55 INFO CodeGenerator: Code generated in 3.099166 ms
26/07/03 08:12:55 INFO CodeGenerator: Code generated in 10.573583 ms
26/07/03 08:12:55 INFO CodeGenerator: Code generated in 4.809583 ms
26/07/03 08:12:55 INFO CodeGenerator: Code generated in 1.31725 ms
26/07/03 08:12:55 INFO CodeGenerator: Code generated in 1.398625 ms
26/07/03 08:12:55 INFO FileScanRDD: Reading File path: file:///recon-local/java-fixtures/split/root_b/timestampcolumn=2026-07-01/part-00000-006ddb0b-f16f-4a0b-a734-7f150de70c05-c000.snappy.parquet, range: 0-896, partition values: [empty row]
26/07/03 08:12:55 INFO FileScanRDD: Reading File path: file:///recon-local/java-fixtures/split/root_a/timestampcolumn=2026-07-01/part-00000-d94cb132-dd2a-468d-bed9-57b8bcfd66b7-c000.snappy.parquet, range: 0-907, partition values: [empty row]
26/07/03 08:12:55 INFO FilterCompat: Filtering using predicate: noteq(cactus__metadata, null)
26/07/03 08:12:55 INFO FilterCompat: Filtering using predicate: noteq(cactus__metadata, null)
26/07/03 08:12:55 INFO Executor: Finished task 0.0 in stage 13.0 (TID 13). 3042 bytes result sent to driver
26/07/03 08:12:55 INFO TaskSetManager: Finished task 0.0 in stage 13.0 (TID 13) in 60 ms on 064b77ed9c92 (executor driver) (1/2)
26/07/03 08:12:55 INFO Executor: Finished task 1.0 in stage 13.0 (TID 14). 3042 bytes result sent to driver
26/07/03 08:12:55 INFO TaskSetManager: Finished task 1.0 in stage 13.0 (TID 14) in 61 ms on 064b77ed9c92 (executor driver) (2/2)
26/07/03 08:12:55 INFO TaskSchedulerImpl: Removed TaskSet 13.0, whose tasks have all completed, from pool 
26/07/03 08:12:55 INFO DAGScheduler: ShuffleMapStage 13 (count at OffsetAnalytics.java:45) finished in 0.065 s
26/07/03 08:12:55 INFO DAGScheduler: looking for newly runnable stages
26/07/03 08:12:55 INFO DAGScheduler: running: Set()
26/07/03 08:12:55 INFO DAGScheduler: waiting: Set()
26/07/03 08:12:55 INFO DAGScheduler: failed: Set()
26/07/03 08:12:55 INFO ShufflePartitionsUtil: For shuffle(4), advisory target size: 67108864, actual target size 1048576, minimum partition size: 1048576
26/07/03 08:12:56 INFO CodeGenerator: Code generated in 5.385875 ms
26/07/03 08:12:56 INFO DAGScheduler: Registering RDD 45 (count at OffsetAnalytics.java:45) as input to shuffle 5
26/07/03 08:12:56 INFO DAGScheduler: Got map stage job 10 (count at OffsetAnalytics.java:45) with 1 output partitions
26/07/03 08:12:56 INFO DAGScheduler: Final stage: ShuffleMapStage 15 (count at OffsetAnalytics.java:45)
26/07/03 08:12:56 INFO DAGScheduler: Parents of final stage: List(ShuffleMapStage 14)
26/07/03 08:12:56 INFO DAGScheduler: Missing parents: List()
26/07/03 08:12:56 INFO DAGScheduler: Submitting ShuffleMapStage 15 (MapPartitionsRDD[45] at count at OffsetAnalytics.java:45), which has no missing parents
26/07/03 08:12:56 INFO MemoryStore: Block broadcast_15 stored as values in memory (estimated size 67.0 KiB, free 433.7 MiB)
26/07/03 08:12:56 INFO MemoryStore: Block broadcast_15_piece0 stored as bytes in memory (estimated size 25.0 KiB, free 433.7 MiB)
26/07/03 08:12:56 INFO BlockManagerInfo: Added broadcast_15_piece0 in memory on 064b77ed9c92:36305 (size: 25.0 KiB, free: 434.3 MiB)
26/07/03 08:12:56 INFO SparkContext: Created broadcast 15 from broadcast at DAGScheduler.scala:1611
26/07/03 08:12:56 INFO BlockManagerInfo: Removed broadcast_10_piece0 on 064b77ed9c92:36305 in memory (size: 35.0 KiB, free: 434.3 MiB)
26/07/03 08:12:56 INFO DAGScheduler: Submitting 1 missing tasks from ShuffleMapStage 15 (MapPartitionsRDD[45] at count at OffsetAnalytics.java:45) (first 15 tasks are for partitions Vector(0))
26/07/03 08:12:56 INFO TaskSchedulerImpl: Adding task set 15.0 with 1 tasks resource profile 0
26/07/03 08:12:56 INFO TaskSetManager: Starting task 0.0 in stage 15.0 (TID 15) (064b77ed9c92, executor driver, partition 0, NODE_LOCAL, 9187 bytes) 
26/07/03 08:12:56 INFO Executor: Running task 0.0 in stage 15.0 (TID 15)
26/07/03 08:12:56 INFO BlockManagerInfo: Removed broadcast_14_piece0 on 064b77ed9c92:36305 in memory (size: 23.7 KiB, free: 434.3 MiB)
26/07/03 08:12:56 INFO BlockManagerInfo: Removed broadcast_11_piece0 on 064b77ed9c92:36305 in memory (size: 16.2 KiB, free: 434.3 MiB)
26/07/03 08:12:56 INFO BlockManagerInfo: Removed broadcast_12_piece0 on 064b77ed9c92:36305 in memory (size: 5.9 KiB, free: 434.3 MiB)
26/07/03 08:12:56 INFO ShuffleBlockFetcherIterator: Getting 2 (378.0 B) non-empty blocks including 2 (378.0 B) local and 0 (0.0 B) host-local and 0 (0.0 B) push-merged-local and 0 (0.0 B) remote blocks
26/07/03 08:12:56 INFO ShuffleBlockFetcherIterator: Started 0 remote fetches in 1 ms
26/07/03 08:12:56 INFO CodeGenerator: Code generated in 9.720709 ms
26/07/03 08:12:56 INFO Executor: Finished task 0.0 in stage 15.0 (TID 15). 5915 bytes result sent to driver
26/07/03 08:12:56 INFO TaskSetManager: Finished task 0.0 in stage 15.0 (TID 15) in 35 ms on 064b77ed9c92 (executor driver) (1/1)
26/07/03 08:12:56 INFO TaskSchedulerImpl: Removed TaskSet 15.0, whose tasks have all completed, from pool 
26/07/03 08:12:56 INFO DAGScheduler: ShuffleMapStage 15 (count at OffsetAnalytics.java:45) finished in 0.045 s
26/07/03 08:12:56 INFO DAGScheduler: looking for newly runnable stages
26/07/03 08:12:56 INFO DAGScheduler: running: Set()
26/07/03 08:12:56 INFO DAGScheduler: waiting: Set()
26/07/03 08:12:56 INFO DAGScheduler: failed: Set()
26/07/03 08:12:56 INFO CodeGenerator: Code generated in 1.823333 ms
26/07/03 08:12:56 INFO SparkContext: Starting job: count at OffsetAnalytics.java:45
26/07/03 08:12:56 INFO DAGScheduler: Got job 11 (count at OffsetAnalytics.java:45) with 1 output partitions
26/07/03 08:12:56 INFO DAGScheduler: Final stage: ResultStage 18 (count at OffsetAnalytics.java:45)
26/07/03 08:12:56 INFO DAGScheduler: Parents of final stage: List(ShuffleMapStage 17)
26/07/03 08:12:56 INFO DAGScheduler: Missing parents: List()
26/07/03 08:12:56 INFO DAGScheduler: Submitting ResultStage 18 (MapPartitionsRDD[48] at count at OffsetAnalytics.java:45), which has no missing parents
26/07/03 08:12:56 INFO MemoryStore: Block broadcast_16 stored as values in memory (estimated size 12.5 KiB, free 434.1 MiB)
26/07/03 08:12:56 INFO MemoryStore: Block broadcast_16_piece0 stored as bytes in memory (estimated size 5.9 KiB, free 434.1 MiB)
26/07/03 08:12:56 INFO BlockManagerInfo: Added broadcast_16_piece0 in memory on 064b77ed9c92:36305 (size: 5.9 KiB, free: 434.3 MiB)
26/07/03 08:12:56 INFO SparkContext: Created broadcast 16 from broadcast at DAGScheduler.scala:1611
26/07/03 08:12:56 INFO DAGScheduler: Submitting 1 missing tasks from ResultStage 18 (MapPartitionsRDD[48] at count at OffsetAnalytics.java:45) (first 15 tasks are for partitions Vector(0))
26/07/03 08:12:56 INFO TaskSchedulerImpl: Adding task set 18.0 with 1 tasks resource profile 0
26/07/03 08:12:56 INFO TaskSetManager: Starting task 0.0 in stage 18.0 (TID 16) (064b77ed9c92, executor driver, partition 0, NODE_LOCAL, 9198 bytes) 
26/07/03 08:12:56 INFO Executor: Running task 0.0 in stage 18.0 (TID 16)
26/07/03 08:12:56 INFO ShuffleBlockFetcherIterator: Getting 1 (60.0 B) non-empty blocks including 1 (60.0 B) local and 0 (0.0 B) host-local and 0 (0.0 B) push-merged-local and 0 (0.0 B) remote blocks
26/07/03 08:12:56 INFO ShuffleBlockFetcherIterator: Started 0 remote fetches in 0 ms
26/07/03 08:12:56 INFO CodeGenerator: Code generated in 1.811292 ms
26/07/03 08:12:56 INFO Executor: Finished task 0.0 in stage 18.0 (TID 16). 3952 bytes result sent to driver
26/07/03 08:12:56 INFO TaskSetManager: Finished task 0.0 in stage 18.0 (TID 16) in 6 ms on 064b77ed9c92 (executor driver) (1/1)
26/07/03 08:12:56 INFO TaskSchedulerImpl: Removed TaskSet 18.0, whose tasks have all completed, from pool 
26/07/03 08:12:56 INFO DAGScheduler: ResultStage 18 (count at OffsetAnalytics.java:45) finished in 0.007 s
26/07/03 08:12:56 INFO DAGScheduler: Job 11 is finished. Cancelling potential speculative or zombie tasks for this job
26/07/03 08:12:56 INFO TaskSchedulerImpl: Killing all running tasks in stage 18: Stage finished
26/07/03 08:12:56 INFO DAGScheduler: Job 11 finished: count at OffsetAnalytics.java:45, took 0.008651 s
26/07/03 08:12:56 INFO FileSourceStrategy: Pushed Filters: IsNotNull(cactus__metadata)
26/07/03 08:12:56 INFO FileSourceStrategy: Post-Scan Filters: isnotnull(cactus__metadata#0),isnotnull(from_json(StructField(partition,StringType,true), StructField(offset,StringType,true), StructField(_recon_corrupt_record,StringType,true), (mode,PERMISSIVE), (columnNameOfCorruptRecord,_recon_corrupt_record), cactus__metadata#0, Some(UTC))),isnull(from_json(StructField(partition,StringType,true), StructField(offset,StringType,true), StructField(_recon_corrupt_record,StringType,true), (mode,PERMISSIVE), (columnNameOfCorruptRecord,_recon_corrupt_record), cactus__metadata#0, Some(UTC))._recon_corrupt_record),((isnull(cactus__metadata#0) OR (isnull(from_json(StructField(partition,StringType,true), StructField(offset,StringType,true), StructField(_recon_corrupt_record,StringType,true), (mode,PERMISSIVE), (columnNameOfCorruptRecord,_recon_corrupt_record), cactus__metadata#0, Some(UTC))) OR isnotnull(from_json(StructField(partition,StringType,true), StructField(offset,StringType,true), StructField(_recon_corrupt_record,StringType,true), (mode,PERMISSIVE), (columnNameOfCorruptRecord,_recon_corrupt_record), cactus__metadata#0, Some(UTC))._recon_corrupt_record))) OR isnotnull(trim(from_json(StructField(partition,StringType,true), StructField(offset,StringType,true), StructField(_recon_corrupt_record,StringType,true), (mode,PERMISSIVE), (columnNameOfCorruptRecord,_recon_corrupt_record), cactus__metadata#0, Some(UTC)).partition, None))),((isnull(cactus__metadata#0) OR (isnull(from_json(StructField(partition,StringType,true), StructField(offset,StringType,true), StructField(_recon_corrupt_record,StringType,true), (mode,PERMISSIVE), (columnNameOfCorruptRecord,_recon_corrupt_record), cactus__metadata#0, Some(UTC))) OR isnotnull(from_json(StructField(partition,StringType,true), StructField(offset,StringType,true), StructField(_recon_corrupt_record,StringType,true), (mode,PERMISSIVE), (columnNameOfCorruptRecord,_recon_corrupt_record), cactus__metadata#0, Some(UTC))._recon_corrupt_record))) OR isnotnull(trim(from_json(StructField(partition,StringType,true), StructField(offset,StringType,true), StructField(_recon_corrupt_record,StringType,true), (mode,PERMISSIVE), (columnNameOfCorruptRecord,_recon_corrupt_record), cactus__metadata#0, Some(UTC)).offset, None))),(((isnull(cactus__metadata#0) OR (isnull(from_json(StructField(partition,StringType,true), StructField(offset,StringType,true), StructField(_recon_corrupt_record,StringType,true), (mode,PERMISSIVE), (columnNameOfCorruptRecord,_recon_corrupt_record), cactus__metadata#0, Some(UTC))) OR isnotnull(from_json(StructField(partition,StringType,true), StructField(offset,StringType,true), StructField(_recon_corrupt_record,StringType,true), (mode,PERMISSIVE), (columnNameOfCorruptRecord,_recon_corrupt_record), cactus__metadata#0, Some(UTC))._recon_corrupt_record))) OR isnull(trim(from_json(StructField(partition,StringType,true), StructField(offset,StringType,true), StructField(_recon_corrupt_record,StringType,true), (mode,PERMISSIVE), (columnNameOfCorruptRecord,_recon_corrupt_record), cactus__metadata#0, Some(UTC)).partition, None))) OR NOT CASE WHEN RLIKE(trim(from_json(StructField(partition,StringType,true), StructField(offset,StringType,true), StructField(_recon_corrupt_record,StringType,true), (mode,PERMISSIVE), (columnNameOfCorruptRecord,_recon_corrupt_record), cactus__metadata#0, Some(UTC)).partition, None), ^[0-9]+$) THEN isnull(cast(trim(from_json(StructField(partition,StringType,true), StructField(offset,StringType,true), StructField(_recon_corrupt_record,StringType,true), (mode,PERMISSIVE), (columnNameOfCorruptRecord,_recon_corrupt_record), cactus__metadata#0, Some(UTC)).partition, None) as int)) ELSE true END),(((isnull(cactus__metadata#0) OR (isnull(from_json(StructField(partition,StringType,true), StructField(offset,StringType,true), StructField(_recon_corrupt_record,StringType,true), (mode,PERMISSIVE), (columnNameOfCorruptRecord,_recon_corrupt_record), cactus__metadata#0, Some(UTC))) OR isnotnull(from_json(StructField(partition,StringType,true), StructField(offset,StringType,true), StructField(_recon_corrupt_record,StringType,true), (mode,PERMISSIVE), (columnNameOfCorruptRecord,_recon_corrupt_record), cactus__metadata#0, Some(UTC))._recon_corrupt_record))) OR isnull(trim(from_json(StructField(partition,StringType,true), StructField(offset,StringType,true), StructField(_recon_corrupt_record,StringType,true), (mode,PERMISSIVE), (columnNameOfCorruptRecord,_recon_corrupt_record), cactus__metadata#0, Some(UTC)).offset, None))) OR NOT CASE WHEN RLIKE(trim(from_json(StructField(partition,StringType,true), StructField(offset,StringType,true), StructField(_recon_corrupt_record,StringType,true), (mode,PERMISSIVE), (columnNameOfCorruptRecord,_recon_corrupt_record), cactus__metadata#0, Some(UTC)).offset, None), ^[0-9]+$) THEN isnull(cast(trim(from_json(StructField(partition,StringType,true), StructField(offset,StringType,true), StructField(_recon_corrupt_record,StringType,true), (mode,PERMISSIVE), (columnNameOfCorruptRecord,_recon_corrupt_record), cactus__metadata#0, Some(UTC)).offset, None) as bigint)) ELSE true END)
26/07/03 08:12:56 INFO MemoryStore: Block broadcast_17 stored as values in memory (estimated size 201.3 KiB, free 433.9 MiB)
26/07/03 08:12:56 INFO MemoryStore: Block broadcast_17_piece0 stored as bytes in memory (estimated size 35.0 KiB, free 433.8 MiB)
26/07/03 08:12:56 INFO BlockManagerInfo: Added broadcast_17_piece0 in memory on 064b77ed9c92:36305 (size: 35.0 KiB, free: 434.3 MiB)
26/07/03 08:12:56 INFO SparkContext: Created broadcast 17 from collectAsList at OffsetAnalytics.java:73
26/07/03 08:12:56 INFO FileSourceScanExec: Planning scan with bin packing, max size: 4194304 bytes, open cost is considered as scanning 4194304 bytes.
26/07/03 08:12:56 INFO DAGScheduler: Registering RDD 55 (collectAsList at OffsetAnalytics.java:73) as input to shuffle 6
26/07/03 08:12:56 INFO DAGScheduler: Got map stage job 12 (collectAsList at OffsetAnalytics.java:73) with 2 output partitions
26/07/03 08:12:56 INFO DAGScheduler: Final stage: ShuffleMapStage 19 (collectAsList at OffsetAnalytics.java:73)
26/07/03 08:12:56 INFO DAGScheduler: Parents of final stage: List()
26/07/03 08:12:56 INFO DAGScheduler: Missing parents: List()
26/07/03 08:12:56 INFO DAGScheduler: Submitting ShuffleMapStage 19 (MapPartitionsRDD[55] at collectAsList at OffsetAnalytics.java:73), which has no missing parents
26/07/03 08:12:56 INFO MemoryStore: Block broadcast_18 stored as values in memory (estimated size 64.5 KiB, free 433.8 MiB)
26/07/03 08:12:56 INFO MemoryStore: Block broadcast_18_piece0 stored as bytes in memory (estimated size 23.7 KiB, free 433.7 MiB)
26/07/03 08:12:56 INFO BlockManagerInfo: Added broadcast_18_piece0 in memory on 064b77ed9c92:36305 (size: 23.7 KiB, free: 434.3 MiB)
26/07/03 08:12:56 INFO SparkContext: Created broadcast 18 from broadcast at DAGScheduler.scala:1611
26/07/03 08:12:56 INFO DAGScheduler: Submitting 2 missing tasks from ShuffleMapStage 19 (MapPartitionsRDD[55] at collectAsList at OffsetAnalytics.java:73) (first 15 tasks are for partitions Vector(0, 1))
26/07/03 08:12:56 INFO TaskSchedulerImpl: Adding task set 19.0 with 2 tasks resource profile 0
26/07/03 08:12:56 INFO TaskSetManager: Starting task 0.0 in stage 19.0 (TID 17) (064b77ed9c92, executor driver, partition 0, PROCESS_LOCAL, 9891 bytes) 
26/07/03 08:12:56 INFO TaskSetManager: Starting task 1.0 in stage 19.0 (TID 18) (064b77ed9c92, executor driver, partition 1, PROCESS_LOCAL, 9891 bytes) 
26/07/03 08:12:56 INFO Executor: Running task 1.0 in stage 19.0 (TID 18)
26/07/03 08:12:56 INFO Executor: Running task 0.0 in stage 19.0 (TID 17)
26/07/03 08:12:56 INFO BlockManagerInfo: Removed broadcast_15_piece0 on 064b77ed9c92:36305 in memory (size: 25.0 KiB, free: 434.3 MiB)
26/07/03 08:12:56 INFO FileScanRDD: Reading File path: file:///recon-local/java-fixtures/split/root_b/timestampcolumn=2026-07-01/part-00000-006ddb0b-f16f-4a0b-a734-7f150de70c05-c000.snappy.parquet, range: 0-896, partition values: [empty row]
26/07/03 08:12:56 INFO FileScanRDD: Reading File path: file:///recon-local/java-fixtures/split/root_a/timestampcolumn=2026-07-01/part-00000-d94cb132-dd2a-468d-bed9-57b8bcfd66b7-c000.snappy.parquet, range: 0-907, partition values: [empty row]
26/07/03 08:12:56 INFO BlockManagerInfo: Removed broadcast_16_piece0 on 064b77ed9c92:36305 in memory (size: 5.9 KiB, free: 434.3 MiB)
26/07/03 08:12:56 INFO BlockManagerInfo: Removed broadcast_13_piece0 on 064b77ed9c92:36305 in memory (size: 35.0 KiB, free: 434.3 MiB)
26/07/03 08:12:56 INFO FilterCompat: Filtering using predicate: noteq(cactus__metadata, null)
26/07/03 08:12:56 INFO FilterCompat: Filtering using predicate: noteq(cactus__metadata, null)
26/07/03 08:12:56 INFO Executor: Finished task 1.0 in stage 19.0 (TID 18). 3085 bytes result sent to driver
26/07/03 08:12:56 INFO Executor: Finished task 0.0 in stage 19.0 (TID 17). 3085 bytes result sent to driver
26/07/03 08:12:56 INFO TaskSetManager: Finished task 1.0 in stage 19.0 (TID 18) in 36 ms on 064b77ed9c92 (executor driver) (1/2)
26/07/03 08:12:56 INFO TaskSetManager: Finished task 0.0 in stage 19.0 (TID 17) in 37 ms on 064b77ed9c92 (executor driver) (2/2)
26/07/03 08:12:56 INFO TaskSchedulerImpl: Removed TaskSet 19.0, whose tasks have all completed, from pool 
26/07/03 08:12:56 INFO DAGScheduler: ShuffleMapStage 19 (collectAsList at OffsetAnalytics.java:73) finished in 0.039 s
26/07/03 08:12:56 INFO DAGScheduler: looking for newly runnable stages
26/07/03 08:12:56 INFO DAGScheduler: running: Set()
26/07/03 08:12:56 INFO DAGScheduler: waiting: Set()
26/07/03 08:12:56 INFO DAGScheduler: failed: Set()
26/07/03 08:12:56 INFO ShufflePartitionsUtil: For shuffle(6), advisory target size: 67108864, actual target size 1048576, minimum partition size: 1048576
26/07/03 08:12:56 INFO CodeGenerator: Code generated in 7.309709 ms
26/07/03 08:12:56 INFO DAGScheduler: Registering RDD 58 (collectAsList at OffsetAnalytics.java:73) as input to shuffle 7
26/07/03 08:12:56 INFO DAGScheduler: Got map stage job 13 (collectAsList at OffsetAnalytics.java:73) with 1 output partitions
26/07/03 08:12:56 INFO DAGScheduler: Final stage: ShuffleMapStage 21 (collectAsList at OffsetAnalytics.java:73)
26/07/03 08:12:56 INFO DAGScheduler: Parents of final stage: List(ShuffleMapStage 20)
26/07/03 08:12:56 INFO DAGScheduler: Missing parents: List()
26/07/03 08:12:56 INFO DAGScheduler: Submitting ShuffleMapStage 21 (MapPartitionsRDD[58] at collectAsList at OffsetAnalytics.java:73), which has no missing parents
26/07/03 08:12:56 INFO MemoryStore: Block broadcast_19 stored as values in memory (estimated size 79.6 KiB, free 434.0 MiB)
26/07/03 08:12:56 INFO MemoryStore: Block broadcast_19_piece0 stored as bytes in memory (estimated size 27.3 KiB, free 434.0 MiB)
26/07/03 08:12:56 INFO BlockManagerInfo: Added broadcast_19_piece0 in memory on 064b77ed9c92:36305 (size: 27.3 KiB, free: 434.3 MiB)
26/07/03 08:12:56 INFO SparkContext: Created broadcast 19 from broadcast at DAGScheduler.scala:1611
26/07/03 08:12:56 INFO DAGScheduler: Submitting 1 missing tasks from ShuffleMapStage 21 (MapPartitionsRDD[58] at collectAsList at OffsetAnalytics.java:73) (first 15 tasks are for partitions Vector(0))
26/07/03 08:12:56 INFO TaskSchedulerImpl: Adding task set 21.0 with 1 tasks resource profile 0
26/07/03 08:12:56 INFO TaskSetManager: Starting task 0.0 in stage 21.0 (TID 19) (064b77ed9c92, executor driver, partition 0, NODE_LOCAL, 9187 bytes) 
26/07/03 08:12:56 INFO Executor: Running task 0.0 in stage 21.0 (TID 19)
26/07/03 08:12:56 INFO ShuffleBlockFetcherIterator: Getting 2 (378.0 B) non-empty blocks including 2 (378.0 B) local and 0 (0.0 B) host-local and 0 (0.0 B) push-merged-local and 0 (0.0 B) remote blocks
26/07/03 08:12:56 INFO ShuffleBlockFetcherIterator: Started 0 remote fetches in 9 ms
26/07/03 08:12:56 INFO CodeGenerator: Code generated in 7.672917 ms
26/07/03 08:12:56 INFO CodeGenerator: Code generated in 1.960708 ms
26/07/03 08:12:56 INFO CodeGenerator: Code generated in 1.077 ms
26/07/03 08:12:56 INFO CodeGenerator: Code generated in 1.200125 ms
26/07/03 08:12:56 INFO CodeGenerator: Code generated in 1.362291 ms
26/07/03 08:12:56 INFO Executor: Finished task 0.0 in stage 21.0 (TID 19). 6117 bytes result sent to driver
26/07/03 08:12:56 INFO TaskSetManager: Finished task 0.0 in stage 21.0 (TID 19) in 37 ms on 064b77ed9c92 (executor driver) (1/1)
26/07/03 08:12:56 INFO TaskSchedulerImpl: Removed TaskSet 21.0, whose tasks have all completed, from pool 
26/07/03 08:12:56 INFO DAGScheduler: ShuffleMapStage 21 (collectAsList at OffsetAnalytics.java:73) finished in 0.039 s
26/07/03 08:12:56 INFO DAGScheduler: looking for newly runnable stages
26/07/03 08:12:56 INFO DAGScheduler: running: Set()
26/07/03 08:12:56 INFO DAGScheduler: waiting: Set()
26/07/03 08:12:56 INFO DAGScheduler: failed: Set()
26/07/03 08:12:56 INFO ShufflePartitionsUtil: For shuffle(7), advisory target size: 67108864, actual target size 1048576, minimum partition size: 1048576
26/07/03 08:12:56 INFO HashAggregateExec: spark.sql.codegen.aggregate.map.twolevel.enabled is set to true, but current version of codegened fast hashmap does not support this aggregate.
26/07/03 08:12:56 INFO CodeGenerator: Code generated in 3.484 ms
26/07/03 08:12:56 INFO CodeGenerator: Code generated in 3.477625 ms
26/07/03 08:12:56 INFO SparkContext: Starting job: collectAsList at OffsetAnalytics.java:73
26/07/03 08:12:56 INFO DAGScheduler: Got job 14 (collectAsList at OffsetAnalytics.java:73) with 1 output partitions
26/07/03 08:12:56 INFO DAGScheduler: Final stage: ResultStage 24 (collectAsList at OffsetAnalytics.java:73)
26/07/03 08:12:56 INFO DAGScheduler: Parents of final stage: List(ShuffleMapStage 23)
26/07/03 08:12:56 INFO DAGScheduler: Missing parents: List()
26/07/03 08:12:56 INFO DAGScheduler: Submitting ResultStage 24 (MapPartitionsRDD[63] at collectAsList at OffsetAnalytics.java:73), which has no missing parents
26/07/03 08:12:56 INFO MemoryStore: Block broadcast_20 stored as values in memory (estimated size 78.1 KiB, free 433.9 MiB)
26/07/03 08:12:56 INFO MemoryStore: Block broadcast_20_piece0 stored as bytes in memory (estimated size 28.6 KiB, free 433.9 MiB)
26/07/03 08:12:56 INFO BlockManagerInfo: Added broadcast_20_piece0 in memory on 064b77ed9c92:36305 (size: 28.6 KiB, free: 434.3 MiB)
26/07/03 08:12:56 INFO SparkContext: Created broadcast 20 from broadcast at DAGScheduler.scala:1611
26/07/03 08:12:56 INFO DAGScheduler: Submitting 1 missing tasks from ResultStage 24 (MapPartitionsRDD[63] at collectAsList at OffsetAnalytics.java:73) (first 15 tasks are for partitions Vector(0))
26/07/03 08:12:56 INFO TaskSchedulerImpl: Adding task set 24.0 with 1 tasks resource profile 0
26/07/03 08:12:56 INFO TaskSetManager: Starting task 0.0 in stage 24.0 (TID 20) (064b77ed9c92, executor driver, partition 0, NODE_LOCAL, 9198 bytes) 
26/07/03 08:12:56 INFO Executor: Running task 0.0 in stage 24.0 (TID 20)
26/07/03 08:12:56 INFO ShuffleBlockFetcherIterator: Getting 1 (138.0 B) non-empty blocks including 1 (138.0 B) local and 0 (0.0 B) host-local and 0 (0.0 B) push-merged-local and 0 (0.0 B) remote blocks
26/07/03 08:12:56 INFO ShuffleBlockFetcherIterator: Started 0 remote fetches in 0 ms
26/07/03 08:12:56 INFO CodeGenerator: Code generated in 3.580542 ms
26/07/03 08:12:56 INFO Executor: Finished task 0.0 in stage 24.0 (TID 20). 7571 bytes result sent to driver
26/07/03 08:12:56 INFO TaskSetManager: Finished task 0.0 in stage 24.0 (TID 20) in 15 ms on 064b77ed9c92 (executor driver) (1/1)
26/07/03 08:12:56 INFO TaskSchedulerImpl: Removed TaskSet 24.0, whose tasks have all completed, from pool 
26/07/03 08:12:56 INFO DAGScheduler: ResultStage 24 (collectAsList at OffsetAnalytics.java:73) finished in 0.017 s
26/07/03 08:12:56 INFO DAGScheduler: Job 14 is finished. Cancelling potential speculative or zombie tasks for this job
26/07/03 08:12:56 INFO TaskSchedulerImpl: Killing all running tasks in stage 24: Stage finished
26/07/03 08:12:56 INFO DAGScheduler: Job 14 finished: collectAsList at OffsetAnalytics.java:73, took 0.021331 s
26/07/03 08:12:56 INFO DAGScheduler: Registering RDD 64 (collectAsList at OffsetAnalytics.java:73) as input to shuffle 8
26/07/03 08:12:56 INFO DAGScheduler: Got map stage job 15 (collectAsList at OffsetAnalytics.java:73) with 1 output partitions
26/07/03 08:12:56 INFO DAGScheduler: Final stage: ShuffleMapStage 27 (collectAsList at OffsetAnalytics.java:73)
26/07/03 08:12:56 INFO DAGScheduler: Parents of final stage: List(ShuffleMapStage 26)
26/07/03 08:12:56 INFO DAGScheduler: Missing parents: List()
26/07/03 08:12:56 INFO DAGScheduler: Submitting ShuffleMapStage 27 (MapPartitionsRDD[64] at collectAsList at OffsetAnalytics.java:73), which has no missing parents
26/07/03 08:12:56 INFO MemoryStore: Block broadcast_21 stored as values in memory (estimated size 78.5 KiB, free 433.8 MiB)
26/07/03 08:12:56 INFO MemoryStore: Block broadcast_21_piece0 stored as bytes in memory (estimated size 28.8 KiB, free 433.8 MiB)
26/07/03 08:12:56 INFO BlockManagerInfo: Added broadcast_21_piece0 in memory on 064b77ed9c92:36305 (size: 28.8 KiB, free: 434.3 MiB)
26/07/03 08:12:56 INFO SparkContext: Created broadcast 21 from broadcast at DAGScheduler.scala:1611
26/07/03 08:12:56 INFO BlockManagerInfo: Removed broadcast_18_piece0 on 064b77ed9c92:36305 in memory (size: 23.7 KiB, free: 434.3 MiB)
26/07/03 08:12:56 INFO DAGScheduler: Submitting 1 missing tasks from ShuffleMapStage 27 (MapPartitionsRDD[64] at collectAsList at OffsetAnalytics.java:73) (first 15 tasks are for partitions Vector(0))
26/07/03 08:12:56 INFO TaskSchedulerImpl: Adding task set 27.0 with 1 tasks resource profile 0
26/07/03 08:12:56 INFO TaskSetManager: Starting task 0.0 in stage 27.0 (TID 21) (064b77ed9c92, executor driver, partition 0, NODE_LOCAL, 9187 bytes) 
26/07/03 08:12:56 INFO Executor: Running task 0.0 in stage 27.0 (TID 21)
26/07/03 08:12:56 INFO BlockManagerInfo: Removed broadcast_20_piece0 on 064b77ed9c92:36305 in memory (size: 28.6 KiB, free: 434.3 MiB)
26/07/03 08:12:56 INFO BlockManagerInfo: Removed broadcast_19_piece0 on 064b77ed9c92:36305 in memory (size: 27.3 KiB, free: 434.3 MiB)
26/07/03 08:12:56 INFO CodeGenerator: Code generated in 1.950417 ms
26/07/03 08:12:56 INFO ShuffleBlockFetcherIterator: Getting 1 (138.0 B) non-empty blocks including 1 (138.0 B) local and 0 (0.0 B) host-local and 0 (0.0 B) push-merged-local and 0 (0.0 B) remote blocks
26/07/03 08:12:56 INFO ShuffleBlockFetcherIterator: Started 0 remote fetches in 0 ms
26/07/03 08:12:56 INFO Executor: Finished task 0.0 in stage 27.0 (TID 21). 7540 bytes result sent to driver
26/07/03 08:12:56 INFO TaskSetManager: Finished task 0.0 in stage 27.0 (TID 21) in 24 ms on 064b77ed9c92 (executor driver) (1/1)
26/07/03 08:12:56 INFO TaskSchedulerImpl: Removed TaskSet 27.0, whose tasks have all completed, from pool 
26/07/03 08:12:56 INFO DAGScheduler: ShuffleMapStage 27 (collectAsList at OffsetAnalytics.java:73) finished in 0.035 s
26/07/03 08:12:56 INFO DAGScheduler: looking for newly runnable stages
26/07/03 08:12:56 INFO DAGScheduler: running: Set()
26/07/03 08:12:56 INFO DAGScheduler: waiting: Set()
26/07/03 08:12:56 INFO DAGScheduler: failed: Set()
26/07/03 08:12:56 INFO ShufflePartitionsUtil: For shuffle(8), advisory target size: 67108864, actual target size 1048576, minimum partition size: 1048576
26/07/03 08:12:56 INFO CodeGenerator: Code generated in 2.664042 ms
26/07/03 08:12:56 INFO SparkContext: Starting job: collectAsList at OffsetAnalytics.java:73
26/07/03 08:12:56 INFO DAGScheduler: Got job 16 (collectAsList at OffsetAnalytics.java:73) with 1 output partitions
26/07/03 08:12:56 INFO DAGScheduler: Final stage: ResultStage 31 (collectAsList at OffsetAnalytics.java:73)
26/07/03 08:12:56 INFO DAGScheduler: Parents of final stage: List(ShuffleMapStage 30)
26/07/03 08:12:56 INFO DAGScheduler: Missing parents: List()
26/07/03 08:12:56 INFO DAGScheduler: Submitting ResultStage 31 (MapPartitionsRDD[67] at collectAsList at OffsetAnalytics.java:73), which has no missing parents
26/07/03 08:12:56 INFO MemoryStore: Block broadcast_22 stored as values in memory (estimated size 73.6 KiB, free 434.0 MiB)
26/07/03 08:12:56 INFO MemoryStore: Block broadcast_22_piece0 stored as bytes in memory (estimated size 27.0 KiB, free 434.0 MiB)
26/07/03 08:12:56 INFO BlockManagerInfo: Added broadcast_22_piece0 in memory on 064b77ed9c92:36305 (size: 27.0 KiB, free: 434.3 MiB)
26/07/03 08:12:56 INFO SparkContext: Created broadcast 22 from broadcast at DAGScheduler.scala:1611
26/07/03 08:12:56 INFO DAGScheduler: Submitting 1 missing tasks from ResultStage 31 (MapPartitionsRDD[67] at collectAsList at OffsetAnalytics.java:73) (first 15 tasks are for partitions Vector(0))
26/07/03 08:12:56 INFO TaskSchedulerImpl: Adding task set 31.0 with 1 tasks resource profile 0
26/07/03 08:12:56 INFO TaskSetManager: Starting task 0.0 in stage 31.0 (TID 22) (064b77ed9c92, executor driver, partition 0, NODE_LOCAL, 9198 bytes) 
26/07/03 08:12:56 INFO Executor: Running task 0.0 in stage 31.0 (TID 22)
26/07/03 08:12:56 INFO ShuffleBlockFetcherIterator: Getting 1 (168.0 B) non-empty blocks including 1 (168.0 B) local and 0 (0.0 B) host-local and 0 (0.0 B) push-merged-local and 0 (0.0 B) remote blocks
26/07/03 08:12:56 INFO ShuffleBlockFetcherIterator: Started 0 remote fetches in 0 ms
26/07/03 08:12:56 INFO CodeGenerator: Code generated in 2.242833 ms
26/07/03 08:12:56 INFO CodeGenerator: Code generated in 2.449792 ms
26/07/03 08:12:56 INFO Executor: Finished task 0.0 in stage 31.0 (TID 22). 8902 bytes result sent to driver
26/07/03 08:12:56 INFO TaskSetManager: Finished task 0.0 in stage 31.0 (TID 22) in 17 ms on 064b77ed9c92 (executor driver) (1/1)
26/07/03 08:12:56 INFO TaskSchedulerImpl: Removed TaskSet 31.0, whose tasks have all completed, from pool 
26/07/03 08:12:56 INFO DAGScheduler: ResultStage 31 (collectAsList at OffsetAnalytics.java:73) finished in 0.020 s
26/07/03 08:12:56 INFO DAGScheduler: Job 16 is finished. Cancelling potential speculative or zombie tasks for this job
26/07/03 08:12:56 INFO TaskSchedulerImpl: Killing all running tasks in stage 31: Stage finished
26/07/03 08:12:56 INFO DAGScheduler: Job 16 finished: collectAsList at OffsetAnalytics.java:73, took 0.022241 s
26/07/03 08:12:56 INFO CodeGenerator: Code generated in 2.178833 ms
26/07/03 08:12:56 INFO FileSourceStrategy: Pushed Filters: IsNotNull(cactus__metadata)
26/07/03 08:12:56 INFO FileSourceStrategy: Post-Scan Filters: isnotnull(cactus__metadata#0),isnotnull(from_json(StructField(partition,StringType,true), StructField(offset,StringType,true), StructField(_recon_corrupt_record,StringType,true), (mode,PERMISSIVE), (columnNameOfCorruptRecord,_recon_corrupt_record), cactus__metadata#0, Some(UTC))),isnull(from_json(StructField(partition,StringType,true), StructField(offset,StringType,true), StructField(_recon_corrupt_record,StringType,true), (mode,PERMISSIVE), (columnNameOfCorruptRecord,_recon_corrupt_record), cactus__metadata#0, Some(UTC))._recon_corrupt_record),((isnull(cactus__metadata#0) OR (isnull(from_json(StructField(partition,StringType,true), StructField(offset,StringType,true), StructField(_recon_corrupt_record,StringType,true), (mode,PERMISSIVE), (columnNameOfCorruptRecord,_recon_corrupt_record), cactus__metadata#0, Some(UTC))) OR isnotnull(from_json(StructField(partition,StringType,true), StructField(offset,StringType,true), StructField(_recon_corrupt_record,StringType,true), (mode,PERMISSIVE), (columnNameOfCorruptRecord,_recon_corrupt_record), cactus__metadata#0, Some(UTC))._recon_corrupt_record))) OR isnotnull(trim(from_json(StructField(partition,StringType,true), StructField(offset,StringType,true), StructField(_recon_corrupt_record,StringType,true), (mode,PERMISSIVE), (columnNameOfCorruptRecord,_recon_corrupt_record), cactus__metadata#0, Some(UTC)).partition, None))),((isnull(cactus__metadata#0) OR (isnull(from_json(StructField(partition,StringType,true), StructField(offset,StringType,true), StructField(_recon_corrupt_record,StringType,true), (mode,PERMISSIVE), (columnNameOfCorruptRecord,_recon_corrupt_record), cactus__metadata#0, Some(UTC))) OR isnotnull(from_json(StructField(partition,StringType,true), StructField(offset,StringType,true), StructField(_recon_corrupt_record,StringType,true), (mode,PERMISSIVE), (columnNameOfCorruptRecord,_recon_corrupt_record), cactus__metadata#0, Some(UTC))._recon_corrupt_record))) OR isnotnull(trim(from_json(StructField(partition,StringType,true), StructField(offset,StringType,true), StructField(_recon_corrupt_record,StringType,true), (mode,PERMISSIVE), (columnNameOfCorruptRecord,_recon_corrupt_record), cactus__metadata#0, Some(UTC)).offset, None))),(((isnull(cactus__metadata#0) OR (isnull(from_json(StructField(partition,StringType,true), StructField(offset,StringType,true), StructField(_recon_corrupt_record,StringType,true), (mode,PERMISSIVE), (columnNameOfCorruptRecord,_recon_corrupt_record), cactus__metadata#0, Some(UTC))) OR isnotnull(from_json(StructField(partition,StringType,true), StructField(offset,StringType,true), StructField(_recon_corrupt_record,StringType,true), (mode,PERMISSIVE), (columnNameOfCorruptRecord,_recon_corrupt_record), cactus__metadata#0, Some(UTC))._recon_corrupt_record))) OR isnull(trim(from_json(StructField(partition,StringType,true), StructField(offset,StringType,true), StructField(_recon_corrupt_record,StringType,true), (mode,PERMISSIVE), (columnNameOfCorruptRecord,_recon_corrupt_record), cactus__metadata#0, Some(UTC)).partition, None))) OR NOT CASE WHEN RLIKE(trim(from_json(StructField(partition,StringType,true), StructField(offset,StringType,true), StructField(_recon_corrupt_record,StringType,true), (mode,PERMISSIVE), (columnNameOfCorruptRecord,_recon_corrupt_record), cactus__metadata#0, Some(UTC)).partition, None), ^[0-9]+$) THEN isnull(cast(trim(from_json(StructField(partition,StringType,true), StructField(offset,StringType,true), StructField(_recon_corrupt_record,StringType,true), (mode,PERMISSIVE), (columnNameOfCorruptRecord,_recon_corrupt_record), cactus__metadata#0, Some(UTC)).partition, None) as int)) ELSE true END),(((isnull(cactus__metadata#0) OR (isnull(from_json(StructField(partition,StringType,true), StructField(offset,StringType,true), StructField(_recon_corrupt_record,StringType,true), (mode,PERMISSIVE), (columnNameOfCorruptRecord,_recon_corrupt_record), cactus__metadata#0, Some(UTC))) OR isnotnull(from_json(StructField(partition,StringType,true), StructField(offset,StringType,true), StructField(_recon_corrupt_record,StringType,true), (mode,PERMISSIVE), (columnNameOfCorruptRecord,_recon_corrupt_record), cactus__metadata#0, Some(UTC))._recon_corrupt_record))) OR isnull(trim(from_json(StructField(partition,StringType,true), StructField(offset,StringType,true), StructField(_recon_corrupt_record,StringType,true), (mode,PERMISSIVE), (columnNameOfCorruptRecord,_recon_corrupt_record), cactus__metadata#0, Some(UTC)).offset, None))) OR NOT CASE WHEN RLIKE(trim(from_json(StructField(partition,StringType,true), StructField(offset,StringType,true), StructField(_recon_corrupt_record,StringType,true), (mode,PERMISSIVE), (columnNameOfCorruptRecord,_recon_corrupt_record), cactus__metadata#0, Some(UTC)).offset, None), ^[0-9]+$) THEN isnull(cast(trim(from_json(StructField(partition,StringType,true), StructField(offset,StringType,true), StructField(_recon_corrupt_record,StringType,true), (mode,PERMISSIVE), (columnNameOfCorruptRecord,_recon_corrupt_record), cactus__metadata#0, Some(UTC)).offset, None) as bigint)) ELSE true END)
26/07/03 08:12:56 INFO MemoryStore: Block broadcast_23 stored as values in memory (estimated size 201.3 KiB, free 433.8 MiB)
26/07/03 08:12:56 INFO MemoryStore: Block broadcast_23_piece0 stored as bytes in memory (estimated size 35.0 KiB, free 433.7 MiB)
26/07/03 08:12:56 INFO BlockManagerInfo: Added broadcast_23_piece0 in memory on 064b77ed9c92:36305 (size: 35.0 KiB, free: 434.3 MiB)
26/07/03 08:12:56 INFO SparkContext: Created broadcast 23 from collectAsList at OffsetAnalytics.java:140
26/07/03 08:12:56 INFO FileSourceScanExec: Planning scan with bin packing, max size: 4194304 bytes, open cost is considered as scanning 4194304 bytes.
26/07/03 08:12:56 INFO DAGScheduler: Registering RDD 74 (collectAsList at OffsetAnalytics.java:140) as input to shuffle 9
26/07/03 08:12:56 INFO DAGScheduler: Got map stage job 17 (collectAsList at OffsetAnalytics.java:140) with 2 output partitions
26/07/03 08:12:56 INFO DAGScheduler: Final stage: ShuffleMapStage 32 (collectAsList at OffsetAnalytics.java:140)
26/07/03 08:12:56 INFO DAGScheduler: Parents of final stage: List()
26/07/03 08:12:56 INFO DAGScheduler: Missing parents: List()
26/07/03 08:12:56 INFO DAGScheduler: Submitting ShuffleMapStage 32 (MapPartitionsRDD[74] at collectAsList at OffsetAnalytics.java:140), which has no missing parents
26/07/03 08:12:56 INFO MemoryStore: Block broadcast_24 stored as values in memory (estimated size 64.5 KiB, free 433.7 MiB)
26/07/03 08:12:56 INFO MemoryStore: Block broadcast_24_piece0 stored as bytes in memory (estimated size 23.7 KiB, free 433.6 MiB)
26/07/03 08:12:56 INFO BlockManagerInfo: Added broadcast_24_piece0 in memory on 064b77ed9c92:36305 (size: 23.7 KiB, free: 434.3 MiB)
26/07/03 08:12:56 INFO SparkContext: Created broadcast 24 from broadcast at DAGScheduler.scala:1611
26/07/03 08:12:56 INFO DAGScheduler: Submitting 2 missing tasks from ShuffleMapStage 32 (MapPartitionsRDD[74] at collectAsList at OffsetAnalytics.java:140) (first 15 tasks are for partitions Vector(0, 1))
26/07/03 08:12:56 INFO TaskSchedulerImpl: Adding task set 32.0 with 2 tasks resource profile 0
26/07/03 08:12:56 INFO TaskSetManager: Starting task 0.0 in stage 32.0 (TID 23) (064b77ed9c92, executor driver, partition 0, PROCESS_LOCAL, 9891 bytes) 
26/07/03 08:12:56 INFO TaskSetManager: Starting task 1.0 in stage 32.0 (TID 24) (064b77ed9c92, executor driver, partition 1, PROCESS_LOCAL, 9891 bytes) 
26/07/03 08:12:56 INFO Executor: Running task 0.0 in stage 32.0 (TID 23)
26/07/03 08:12:56 INFO Executor: Running task 1.0 in stage 32.0 (TID 24)
26/07/03 08:12:56 INFO BlockManagerInfo: Removed broadcast_22_piece0 on 064b77ed9c92:36305 in memory (size: 27.0 KiB, free: 434.3 MiB)
26/07/03 08:12:56 INFO FileScanRDD: Reading File path: file:///recon-local/java-fixtures/split/root_a/timestampcolumn=2026-07-01/part-00000-d94cb132-dd2a-468d-bed9-57b8bcfd66b7-c000.snappy.parquet, range: 0-907, partition values: [empty row]
26/07/03 08:12:56 INFO FileScanRDD: Reading File path: file:///recon-local/java-fixtures/split/root_b/timestampcolumn=2026-07-01/part-00000-006ddb0b-f16f-4a0b-a734-7f150de70c05-c000.snappy.parquet, range: 0-896, partition values: [empty row]
26/07/03 08:12:56 INFO BlockManagerInfo: Removed broadcast_21_piece0 on 064b77ed9c92:36305 in memory (size: 28.8 KiB, free: 434.3 MiB)
26/07/03 08:12:56 INFO FilterCompat: Filtering using predicate: noteq(cactus__metadata, null)
26/07/03 08:12:56 INFO FilterCompat: Filtering using predicate: noteq(cactus__metadata, null)
26/07/03 08:12:56 INFO Executor: Finished task 1.0 in stage 32.0 (TID 24). 3128 bytes result sent to driver
26/07/03 08:12:56 INFO TaskSetManager: Finished task 1.0 in stage 32.0 (TID 24) in 38 ms on 064b77ed9c92 (executor driver) (1/2)
26/07/03 08:12:56 INFO Executor: Finished task 0.0 in stage 32.0 (TID 23). 3085 bytes result sent to driver
26/07/03 08:12:56 INFO TaskSetManager: Finished task 0.0 in stage 32.0 (TID 23) in 40 ms on 064b77ed9c92 (executor driver) (2/2)
26/07/03 08:12:56 INFO TaskSchedulerImpl: Removed TaskSet 32.0, whose tasks have all completed, from pool 
26/07/03 08:12:56 INFO DAGScheduler: ShuffleMapStage 32 (collectAsList at OffsetAnalytics.java:140) finished in 0.042 s
26/07/03 08:12:56 INFO DAGScheduler: looking for newly runnable stages
26/07/03 08:12:56 INFO DAGScheduler: running: Set()
26/07/03 08:12:56 INFO DAGScheduler: waiting: Set()
26/07/03 08:12:56 INFO DAGScheduler: failed: Set()
26/07/03 08:12:56 INFO ShufflePartitionsUtil: For shuffle(9), advisory target size: 67108864, actual target size 1048576, minimum partition size: 1048576
26/07/03 08:12:56 INFO DAGScheduler: Registering RDD 77 (collectAsList at OffsetAnalytics.java:140) as input to shuffle 10
26/07/03 08:12:56 INFO DAGScheduler: Got map stage job 18 (collectAsList at OffsetAnalytics.java:140) with 1 output partitions
26/07/03 08:12:56 INFO DAGScheduler: Final stage: ShuffleMapStage 34 (collectAsList at OffsetAnalytics.java:140)
26/07/03 08:12:56 INFO DAGScheduler: Parents of final stage: List(ShuffleMapStage 33)
26/07/03 08:12:56 INFO DAGScheduler: Missing parents: List()
26/07/03 08:12:56 INFO DAGScheduler: Submitting ShuffleMapStage 34 (MapPartitionsRDD[77] at collectAsList at OffsetAnalytics.java:140), which has no missing parents
26/07/03 08:12:56 INFO MemoryStore: Block broadcast_25 stored as values in memory (estimated size 79.6 KiB, free 433.8 MiB)
26/07/03 08:12:56 INFO MemoryStore: Block broadcast_25_piece0 stored as bytes in memory (estimated size 27.3 KiB, free 433.7 MiB)
26/07/03 08:12:56 INFO BlockManagerInfo: Added broadcast_25_piece0 in memory on 064b77ed9c92:36305 (size: 27.3 KiB, free: 434.3 MiB)
26/07/03 08:12:56 INFO SparkContext: Created broadcast 25 from broadcast at DAGScheduler.scala:1611
26/07/03 08:12:56 INFO DAGScheduler: Submitting 1 missing tasks from ShuffleMapStage 34 (MapPartitionsRDD[77] at collectAsList at OffsetAnalytics.java:140) (first 15 tasks are for partitions Vector(0))
26/07/03 08:12:56 INFO TaskSchedulerImpl: Adding task set 34.0 with 1 tasks resource profile 0
26/07/03 08:12:56 INFO TaskSetManager: Starting task 0.0 in stage 34.0 (TID 25) (064b77ed9c92, executor driver, partition 0, NODE_LOCAL, 9187 bytes) 
26/07/03 08:12:56 INFO Executor: Running task 0.0 in stage 34.0 (TID 25)
26/07/03 08:12:56 INFO ShuffleBlockFetcherIterator: Getting 2 (378.0 B) non-empty blocks including 2 (378.0 B) local and 0 (0.0 B) host-local and 0 (0.0 B) push-merged-local and 0 (0.0 B) remote blocks
26/07/03 08:12:56 INFO ShuffleBlockFetcherIterator: Started 0 remote fetches in 0 ms
26/07/03 08:12:56 INFO Executor: Finished task 0.0 in stage 34.0 (TID 25). 6117 bytes result sent to driver
26/07/03 08:12:56 INFO TaskSetManager: Finished task 0.0 in stage 34.0 (TID 25) in 7 ms on 064b77ed9c92 (executor driver) (1/1)
26/07/03 08:12:56 INFO TaskSchedulerImpl: Removed TaskSet 34.0, whose tasks have all completed, from pool 
26/07/03 08:12:56 INFO DAGScheduler: ShuffleMapStage 34 (collectAsList at OffsetAnalytics.java:140) finished in 0.010 s
26/07/03 08:12:56 INFO DAGScheduler: looking for newly runnable stages
26/07/03 08:12:56 INFO DAGScheduler: running: Set()
26/07/03 08:12:56 INFO DAGScheduler: waiting: Set()
26/07/03 08:12:56 INFO DAGScheduler: failed: Set()
26/07/03 08:12:56 INFO ShufflePartitionsUtil: For shuffle(10), advisory target size: 67108864, actual target size 1048576, minimum partition size: 1048576
26/07/03 08:12:56 INFO HashAggregateExec: spark.sql.codegen.aggregate.map.twolevel.enabled is set to true, but current version of codegened fast hashmap does not support this aggregate.
26/07/03 08:12:56 INFO CodeGenerator: Code generated in 5.664541 ms
26/07/03 08:12:56 INFO SparkContext: Starting job: collectAsList at OffsetAnalytics.java:140
26/07/03 08:12:56 INFO DAGScheduler: Got job 19 (collectAsList at OffsetAnalytics.java:140) with 1 output partitions
26/07/03 08:12:56 INFO DAGScheduler: Final stage: ResultStage 37 (collectAsList at OffsetAnalytics.java:140)
26/07/03 08:12:56 INFO DAGScheduler: Parents of final stage: List(ShuffleMapStage 36)
26/07/03 08:12:56 INFO DAGScheduler: Missing parents: List()
26/07/03 08:12:56 INFO DAGScheduler: Submitting ResultStage 37 (MapPartitionsRDD[82] at collectAsList at OffsetAnalytics.java:140), which has no missing parents
26/07/03 08:12:56 INFO MemoryStore: Block broadcast_26 stored as values in memory (estimated size 76.7 KiB, free 433.7 MiB)
26/07/03 08:12:56 INFO MemoryStore: Block broadcast_26_piece0 stored as bytes in memory (estimated size 27.9 KiB, free 433.6 MiB)
26/07/03 08:12:56 INFO BlockManagerInfo: Added broadcast_26_piece0 in memory on 064b77ed9c92:36305 (size: 27.9 KiB, free: 434.3 MiB)
26/07/03 08:12:56 INFO SparkContext: Created broadcast 26 from broadcast at DAGScheduler.scala:1611
26/07/03 08:12:56 INFO DAGScheduler: Submitting 1 missing tasks from ResultStage 37 (MapPartitionsRDD[82] at collectAsList at OffsetAnalytics.java:140) (first 15 tasks are for partitions Vector(0))
26/07/03 08:12:56 INFO TaskSchedulerImpl: Adding task set 37.0 with 1 tasks resource profile 0
26/07/03 08:12:56 INFO TaskSetManager: Starting task 0.0 in stage 37.0 (TID 26) (064b77ed9c92, executor driver, partition 0, NODE_LOCAL, 9198 bytes) 
26/07/03 08:12:56 INFO Executor: Running task 0.0 in stage 37.0 (TID 26)
26/07/03 08:12:56 INFO ShuffleBlockFetcherIterator: Getting 1 (138.0 B) non-empty blocks including 1 (138.0 B) local and 0 (0.0 B) host-local and 0 (0.0 B) push-merged-local and 0 (0.0 B) remote blocks
26/07/03 08:12:56 INFO ShuffleBlockFetcherIterator: Started 0 remote fetches in 0 ms
26/07/03 08:12:56 INFO CodeGenerator: Code generated in 3.580625 ms
26/07/03 08:12:56 INFO Executor: Finished task 0.0 in stage 37.0 (TID 26). 7443 bytes result sent to driver
26/07/03 08:12:56 INFO TaskSetManager: Finished task 0.0 in stage 37.0 (TID 26) in 12 ms on 064b77ed9c92 (executor driver) (1/1)
26/07/03 08:12:56 INFO TaskSchedulerImpl: Removed TaskSet 37.0, whose tasks have all completed, from pool 
26/07/03 08:12:56 INFO DAGScheduler: ResultStage 37 (collectAsList at OffsetAnalytics.java:140) finished in 0.015 s
26/07/03 08:12:56 INFO DAGScheduler: Job 19 is finished. Cancelling potential speculative or zombie tasks for this job
26/07/03 08:12:56 INFO TaskSchedulerImpl: Killing all running tasks in stage 37: Stage finished
26/07/03 08:12:56 INFO DAGScheduler: Job 19 finished: collectAsList at OffsetAnalytics.java:140, took 0.017240 s
26/07/03 08:12:56 INFO DAGScheduler: Registering RDD 83 (collectAsList at OffsetAnalytics.java:140) as input to shuffle 11
26/07/03 08:12:56 INFO DAGScheduler: Got map stage job 20 (collectAsList at OffsetAnalytics.java:140) with 1 output partitions
26/07/03 08:12:56 INFO DAGScheduler: Final stage: ShuffleMapStage 40 (collectAsList at OffsetAnalytics.java:140)
26/07/03 08:12:56 INFO DAGScheduler: Parents of final stage: List(ShuffleMapStage 39)
26/07/03 08:12:56 INFO DAGScheduler: Missing parents: List()
26/07/03 08:12:56 INFO DAGScheduler: Submitting ShuffleMapStage 40 (MapPartitionsRDD[83] at collectAsList at OffsetAnalytics.java:140), which has no missing parents
26/07/03 08:12:56 INFO MemoryStore: Block broadcast_27 stored as values in memory (estimated size 76.9 KiB, free 433.6 MiB)
26/07/03 08:12:56 INFO MemoryStore: Block broadcast_27_piece0 stored as bytes in memory (estimated size 28.1 KiB, free 433.5 MiB)
26/07/03 08:12:56 INFO BlockManagerInfo: Added broadcast_27_piece0 in memory on 064b77ed9c92:36305 (size: 28.1 KiB, free: 434.2 MiB)
26/07/03 08:12:56 INFO SparkContext: Created broadcast 27 from broadcast at DAGScheduler.scala:1611
26/07/03 08:12:56 INFO BlockManagerInfo: Removed broadcast_24_piece0 on 064b77ed9c92:36305 in memory (size: 23.7 KiB, free: 434.3 MiB)
26/07/03 08:12:56 INFO DAGScheduler: Submitting 1 missing tasks from ShuffleMapStage 40 (MapPartitionsRDD[83] at collectAsList at OffsetAnalytics.java:140) (first 15 tasks are for partitions Vector(0))
26/07/03 08:12:56 INFO TaskSchedulerImpl: Adding task set 40.0 with 1 tasks resource profile 0
26/07/03 08:12:56 INFO TaskSetManager: Starting task 0.0 in stage 40.0 (TID 27) (064b77ed9c92, executor driver, partition 0, NODE_LOCAL, 9187 bytes) 
26/07/03 08:12:56 INFO Executor: Running task 0.0 in stage 40.0 (TID 27)
26/07/03 08:12:56 INFO BlockManagerInfo: Removed broadcast_25_piece0 on 064b77ed9c92:36305 in memory (size: 27.3 KiB, free: 434.3 MiB)
26/07/03 08:12:56 INFO BlockManagerInfo: Removed broadcast_26_piece0 on 064b77ed9c92:36305 in memory (size: 27.9 KiB, free: 434.3 MiB)
26/07/03 08:12:56 INFO ShuffleBlockFetcherIterator: Getting 1 (138.0 B) non-empty blocks including 1 (138.0 B) local and 0 (0.0 B) host-local and 0 (0.0 B) push-merged-local and 0 (0.0 B) remote blocks
26/07/03 08:12:56 INFO ShuffleBlockFetcherIterator: Started 0 remote fetches in 0 ms
26/07/03 08:12:56 INFO Executor: Finished task 0.0 in stage 40.0 (TID 27). 7466 bytes result sent to driver
26/07/03 08:12:56 INFO TaskSetManager: Finished task 0.0 in stage 40.0 (TID 27) in 14 ms on 064b77ed9c92 (executor driver) (1/1)
26/07/03 08:12:56 INFO TaskSchedulerImpl: Removed TaskSet 40.0, whose tasks have all completed, from pool 
26/07/03 08:12:56 INFO DAGScheduler: ShuffleMapStage 40 (collectAsList at OffsetAnalytics.java:140) finished in 0.022 s
26/07/03 08:12:56 INFO DAGScheduler: looking for newly runnable stages
26/07/03 08:12:56 INFO DAGScheduler: running: Set()
26/07/03 08:12:56 INFO DAGScheduler: waiting: Set()
26/07/03 08:12:56 INFO DAGScheduler: failed: Set()
26/07/03 08:12:56 INFO SparkContext: SparkContext is stopping with exitCode 0.
26/07/03 08:12:56 INFO SparkUI: Stopped Spark web UI at http://064b77ed9c92:4040
26/07/03 08:12:56 INFO MapOutputTrackerMasterEndpoint: MapOutputTrackerMasterEndpoint stopped!
26/07/03 08:12:56 INFO MemoryStore: MemoryStore cleared
26/07/03 08:12:56 INFO BlockManager: BlockManager stopped
26/07/03 08:12:56 INFO BlockManagerMaster: BlockManagerMaster stopped
26/07/03 08:12:56 INFO OutputCommitCoordinator$OutputCommitCoordinatorEndpoint: OutputCommitCoordinator stopped!
26/07/03 08:12:56 INFO SparkContext: Successfully stopped SparkContext
26/07/03 08:12:56 INFO ShutdownHookManager: Shutdown hook called
26/07/03 08:12:56 INFO ShutdownHookManager: Deleting directory /tmp/spark-c7289b37-37f0-441e-8dc0-3050f867b8e9
26/07/03 08:12:56 INFO ShutdownHookManager: Deleting directory /tmp/spark-cd93b900-59b3-4f72-bb8d-6e3e53c1e2bf
